id,kode_provinsi,nama_provinsi,kode_kabupaten_kota,nama_kabupaten_kota,bentuk_kekerasan,jumlah_korban,satuan,tahun
1,32,JAWA BARAT,3201,KABUPATEN BOGOR,FISIK,1,ORANG,2017
2,32,JAWA BARAT,3201,KABUPATEN BOGOR,PSIKIS,0,ORANG,2017
3,32,JAWA BARAT,3201,KABUPATEN BOGOR,SEKSUAL,0,ORANG,2017
4,32,JAWA BARAT,3201,KABUPATEN BOGOR,EKSPLOITASI,0,ORANG,2017
5,32,JAWA BARAT,3201,KABUPATEN BOGOR,TRAFFICKING,0,ORANG,2017
6,32,JAWA BARAT,3201,KABUPATEN BOGOR,PENELANTARAN,0,ORANG,2017
7,32,JAWA BARAT,3201,KABUPATEN BOGOR,LAINNYA,0,ORANG,2017
8,32,JAWA BARAT,3202,KABUPATEN SUKABUMI,FISIK,2,ORANG,2017
9,32,JAWA BARAT,3202,KABUPATEN SUKABUMI,PSIKIS,1,ORANG,2017
10,32,JAWA BARAT,3202,KABUPATEN SUKABUMI,SEKSUAL,1,ORANG,2017
11,32,JAWA BARAT,3202,KABUPATEN SUKABUMI,EKSPLOITASI,0,ORANG,2017
12,32,JAWA BARAT,3202,KABUPATEN SUKABUMI,TRAFFICKING,0,ORANG,2017
13,32,JAWA BARAT,3202,KABUPATEN SUKABUMI,PENELANTARAN,1,ORANG,2017
14,32,JAWA BARAT,3202,KABUPATEN SUKABUMI,LAINNYA,0,ORANG,2017
15,32,JAWA BARAT,3203,KABUPATEN CIANJUR,FISIK,1,ORANG,2017
16,32,JAWA BARAT,3203,KABUPATEN CIANJUR,PSIKIS,0,ORANG,2017
17,32,JAWA BARAT,3203,KABUPATEN CIANJUR,SEKSUAL,1,ORANG,2017
18,32,JAWA BARAT,3203,KABUPATEN CIANJUR,EKSPLOITASI,0,ORANG,2017
19,32,JAWA BARAT,3203,KABUPATEN CIANJUR,TRAFFICKING,0,ORANG,2017
20,32,JAWA BARAT,3203,KABUPATEN CIANJUR,PENELANTARAN,0,ORANG,2017
21,32,JAWA BARAT,3203,KABUPATEN CIANJUR,LAINNYA,0,ORANG,2017
22,32,JAWA BARAT,3204,KABUPATEN BANDUNG,FISIK,32,ORANG,2017
23,32,JAWA BARAT,3204,KABUPATEN BANDUNG,PSIKIS,14,ORANG,2017
24,32,JAWA BARAT,3204,KABUPATEN BANDUNG,SEKSUAL,51,ORANG,2017
25,32,JAWA BARAT,3204,KABUPATEN BANDUNG,EKSPLOITASI,3,ORANG,2017
26,32,JAWA BARAT,3204,KABUPATEN BANDUNG,TRAFFICKING,8,ORANG,2017
27,32,JAWA BARAT,3204,KABUPATEN BANDUNG,PENELANTARAN,12,ORANG,2017
28,32,JAWA BARAT,3204,KABUPATEN BANDUNG,LAINNYA,3,ORANG,2017
29,32,JAWA BARAT,3205,KABUPATEN GARUT,FISIK,1,ORANG,2017
30,32,JAWA BARAT,3205,KABUPATEN GARUT,PSIKIS,0,ORANG,2017
31,32,JAWA BARAT,3205,KABUPATEN GARUT,SEKSUAL,11,ORANG,2017
32,32,JAWA BARAT,3205,KABUPATEN GARUT,EKSPLOITASI,0,ORANG,2017
33,32,JAWA BARAT,3205,KABUPATEN GARUT,TRAFFICKING,0,ORANG,2017
34,32,JAWA BARAT,3205,KABUPATEN GARUT,PENELANTARAN,1,ORANG,2017
35,32,JAWA BARAT,3205,KABUPATEN GARUT,LAINNYA,0,ORANG,2017
36,32,JAWA BARAT,3206,KABUPATEN TASIKMALAYA,FISIK,8,ORANG,2017
37,32,JAWA BARAT,3206,KABUPATEN TASIKMALAYA,PSIKIS,4,ORANG,2017
38,32,JAWA BARAT,3206,KABUPATEN TASIKMALAYA,SEKSUAL,42,ORANG,2017
39,32,JAWA BARAT,3206,KABUPATEN TASIKMALAYA,EKSPLOITASI,0,ORANG,2017
40,32,JAWA BARAT,3206,KABUPATEN TASIKMALAYA,TRAFFICKING,5,ORANG,2017
41,32,JAWA BARAT,3206,KABUPATEN TASIKMALAYA,PENELANTARAN,11,ORANG,2017
42,32,JAWA BARAT,3206,KABUPATEN TASIKMALAYA,LAINNYA,3,ORANG,2017
43,32,JAWA BARAT,3207,KABUPATEN CIAMIS,FISIK,6,ORANG,2017
44,32,JAWA BARAT,3207,KABUPATEN CIAMIS,PSIKIS,1,ORANG,2017
45,32,JAWA BARAT,3207,KABUPATEN CIAMIS,SEKSUAL,18,ORANG,2017
46,32,JAWA BARAT,3207,KABUPATEN CIAMIS,EKSPLOITASI,0,ORANG,2017
47,32,JAWA BARAT,3207,KABUPATEN CIAMIS,TRAFFICKING,0,ORANG,2017
48,32,JAWA BARAT,3207,KABUPATEN CIAMIS,PENELANTARAN,0,ORANG,2017
49,32,JAWA BARAT,3207,KABUPATEN CIAMIS,LAINNYA,3,ORANG,2017
50,32,JAWA BARAT,3208,KABUPATEN KUNINGAN,FISIK,0,ORANG,2017
51,32,JAWA BARAT,3208,KABUPATEN KUNINGAN,PSIKIS,1,ORANG,2017
52,32,JAWA BARAT,3208,KABUPATEN KUNINGAN,SEKSUAL,3,ORANG,2017
53,32,JAWA BARAT,3208,KABUPATEN KUNINGAN,EKSPLOITASI,0,ORANG,2017
54,32,JAWA BARAT,3208,KABUPATEN KUNINGAN,TRAFFICKING,0,ORANG,2017
55,32,JAWA BARAT,3208,KABUPATEN KUNINGAN,PENELANTARAN,1,ORANG,2017
56,32,JAWA BARAT,3208,KABUPATEN KUNINGAN,LAINNYA,0,ORANG,2017
57,32,JAWA BARAT,3209,KABUPATEN CIREBON,FISIK,0,ORANG,2017
58,32,JAWA BARAT,3209,KABUPATEN CIREBON,PSIKIS,0,ORANG,2017
59,32,JAWA BARAT,3209,KABUPATEN CIREBON,SEKSUAL,6,ORANG,2017
60,32,JAWA BARAT,3209,KABUPATEN CIREBON,EKSPLOITASI,0,ORANG,2017
61,32,JAWA BARAT,3209,KABUPATEN CIREBON,TRAFFICKING,0,ORANG,2017
62,32,JAWA BARAT,3209,KABUPATEN CIREBON,PENELANTARAN,0,ORANG,2017
63,32,JAWA BARAT,3209,KABUPATEN CIREBON,LAINNYA,0,ORANG,2017
64,32,JAWA BARAT,3210,KABUPATEN MAJALENGKA,FISIK,1,ORANG,2017
65,32,JAWA BARAT,3210,KABUPATEN MAJALENGKA,PSIKIS,0,ORANG,2017
66,32,JAWA BARAT,3210,KABUPATEN MAJALENGKA,SEKSUAL,2,ORANG,2017
67,32,JAWA BARAT,3210,KABUPATEN MAJALENGKA,EKSPLOITASI,0,ORANG,2017
68,32,JAWA BARAT,3210,KABUPATEN MAJALENGKA,TRAFFICKING,0,ORANG,2017
69,32,JAWA BARAT,3210,KABUPATEN MAJALENGKA,PENELANTARAN,0,ORANG,2017
70,32,JAWA BARAT,3210,KABUPATEN MAJALENGKA,LAINNYA,0,ORANG,2017
71,32,JAWA BARAT,3211,KABUPATEN SUMEDANG,FISIK,9,ORANG,2017
72,32,JAWA BARAT,3211,KABUPATEN SUMEDANG,PSIKIS,1,ORANG,2017
73,32,JAWA BARAT,3211,KABUPATEN SUMEDANG,SEKSUAL,10,ORANG,2017
74,32,JAWA BARAT,3211,KABUPATEN SUMEDANG,EKSPLOITASI,0,ORANG,2017
75,32,JAWA BARAT,3211,KABUPATEN SUMEDANG,TRAFFICKING,0,ORANG,2017
76,32,JAWA BARAT,3211,KABUPATEN SUMEDANG,PENELANTARAN,2,ORANG,2017
77,32,JAWA BARAT,3211,KABUPATEN SUMEDANG,LAINNYA,0,ORANG,2017
78,32,JAWA BARAT,3212,KABUPATEN INDRAMAYU,FISIK,4,ORANG,2017
79,32,JAWA BARAT,3212,KABUPATEN INDRAMAYU,PSIKIS,2,ORANG,2017
80,32,JAWA BARAT,3212,KABUPATEN INDRAMAYU,SEKSUAL,0,ORANG,2017
81,32,JAWA BARAT,3212,KABUPATEN INDRAMAYU,EKSPLOITASI,0,ORANG,2017
82,32,JAWA BARAT,3212,KABUPATEN INDRAMAYU,TRAFFICKING,0,ORANG,2017
83,32,JAWA BARAT,3212,KABUPATEN INDRAMAYU,PENELANTARAN,0,ORANG,2017
84,32,JAWA BARAT,3212,KABUPATEN INDRAMAYU,LAINNYA,0,ORANG,2017
85,32,JAWA BARAT,3213,KABUPATEN SUBANG,FISIK,0,ORANG,2017
86,32,JAWA BARAT,3213,KABUPATEN SUBANG,PSIKIS,0,ORANG,2017
87,32,JAWA BARAT,3213,KABUPATEN SUBANG,SEKSUAL,5,ORANG,2017
88,32,JAWA BARAT,3213,KABUPATEN SUBANG,EKSPLOITASI,0,ORANG,2017
89,32,JAWA BARAT,3213,KABUPATEN SUBANG,TRAFFICKING,2,ORANG,2017
90,32,JAWA BARAT,3213,KABUPATEN SUBANG,PENELANTARAN,0,ORANG,2017
91,32,JAWA BARAT,3213,KABUPATEN SUBANG,LAINNYA,0,ORANG,2017
92,32,JAWA BARAT,3214,KABUPATEN PURWAKARTA,FISIK,1,ORANG,2017
93,32,JAWA BARAT,3214,KABUPATEN PURWAKARTA,PSIKIS,0,ORANG,2017
94,32,JAWA BARAT,3214,KABUPATEN PURWAKARTA,SEKSUAL,0,ORANG,2017
95,32,JAWA BARAT,3214,KABUPATEN PURWAKARTA,EKSPLOITASI,0,ORANG,2017
96,32,JAWA BARAT,3214,KABUPATEN PURWAKARTA,TRAFFICKING,0,ORANG,2017
97,32,JAWA BARAT,3214,KABUPATEN PURWAKARTA,PENELANTARAN,0,ORANG,2017
98,32,JAWA BARAT,3214,KABUPATEN PURWAKARTA,LAINNYA,0,ORANG,2017
99,32,JAWA BARAT,3215,KABUPATEN KARAWANG,FISIK,1,ORANG,2017
100,32,JAWA BARAT,3215,KABUPATEN KARAWANG,PSIKIS,0,ORANG,2017
101,32,JAWA BARAT,3215,KABUPATEN KARAWANG,SEKSUAL,0,ORANG,2017
102,32,JAWA BARAT,3215,KABUPATEN KARAWANG,EKSPLOITASI,0,ORANG,2017
103,32,JAWA BARAT,3215,KABUPATEN KARAWANG,TRAFFICKING,0,ORANG,2017
104,32,JAWA BARAT,3215,KABUPATEN KARAWANG,PENELANTARAN,0,ORANG,2017
105,32,JAWA BARAT,3215,KABUPATEN KARAWANG,LAINNYA,0,ORANG,2017
106,32,JAWA BARAT,3216,KABUPATEN BEKASI,FISIK,1,ORANG,2017
107,32,JAWA BARAT,3216,KABUPATEN BEKASI,PSIKIS,1,ORANG,2017
108,32,JAWA BARAT,3216,KABUPATEN BEKASI,SEKSUAL,1,ORANG,2017
109,32,JAWA BARAT,3216,KABUPATEN BEKASI,EKSPLOITASI,0,ORANG,2017
110,32,JAWA BARAT,3216,KABUPATEN BEKASI,TRAFFICKING,0,ORANG,2017
111,32,JAWA BARAT,3216,KABUPATEN BEKASI,PENELANTARAN,1,ORANG,2017
112,32,JAWA BARAT,3216,KABUPATEN BEKASI,LAINNYA,0,ORANG,2017
113,32,JAWA BARAT,3217,KABUPATEN BANDUNG BARAT,FISIK,0,ORANG,2017
114,32,JAWA BARAT,3217,KABUPATEN BANDUNG BARAT,PSIKIS,0,ORANG,2017
115,32,JAWA BARAT,3217,KABUPATEN BANDUNG BARAT,SEKSUAL,0,ORANG,2017
116,32,JAWA BARAT,3217,KABUPATEN BANDUNG BARAT,EKSPLOITASI,0,ORANG,2017
117,32,JAWA BARAT,3217,KABUPATEN BANDUNG BARAT,TRAFFICKING,0,ORANG,2017
118,32,JAWA BARAT,3217,KABUPATEN BANDUNG BARAT,PENELANTARAN,1,ORANG,2017
119,32,JAWA BARAT,3217,KABUPATEN BANDUNG BARAT,LAINNYA,0,ORANG,2017
120,32,JAWA BARAT,3218,KABUPATEN PANGANDARAN,FISIK,0,ORANG,2017
121,32,JAWA BARAT,3218,KABUPATEN PANGANDARAN,PSIKIS,0,ORANG,2017
122,32,JAWA BARAT,3218,KABUPATEN PANGANDARAN,SEKSUAL,21,ORANG,2017
123,32,JAWA BARAT,3218,KABUPATEN PANGANDARAN,EKSPLOITASI,0,ORANG,2017
124,32,JAWA BARAT,3218,KABUPATEN PANGANDARAN,TRAFFICKING,0,ORANG,2017
125,32,JAWA BARAT,3218,KABUPATEN PANGANDARAN,PENELANTARAN,0,ORANG,2017
126,32,JAWA BARAT,3218,KABUPATEN PANGANDARAN,LAINNYA,1,ORANG,2017
127,32,JAWA BARAT,3271,KOTA BOGOR,FISIK,1,ORANG,2017
128,32,JAWA BARAT,3271,KOTA BOGOR,PSIKIS,0,ORANG,2017
129,32,JAWA BARAT,3271,KOTA BOGOR,SEKSUAL,1,ORANG,2017
130,32,JAWA BARAT,3271,KOTA BOGOR,EKSPLOITASI,0,ORANG,2017
131,32,JAWA BARAT,3271,KOTA BOGOR,TRAFFICKING,0,ORANG,2017
132,32,JAWA BARAT,3271,KOTA BOGOR,PENELANTARAN,0,ORANG,2017
133,32,JAWA BARAT,3271,KOTA BOGOR,LAINNYA,0,ORANG,2017
134,32,JAWA BARAT,3272,KOTA SUKABUMI,FISIK,1,ORANG,2017
135,32,JAWA BARAT,3272,KOTA SUKABUMI,PSIKIS,1,ORANG,2017
136,32,JAWA BARAT,3272,KOTA SUKABUMI,SEKSUAL,2,ORANG,2017
137,32,JAWA BARAT,3272,KOTA SUKABUMI,EKSPLOITASI,0,ORANG,2017
138,32,JAWA BARAT,3272,KOTA SUKABUMI,TRAFFICKING,0,ORANG,2017
139,32,JAWA BARAT,3272,KOTA SUKABUMI,PENELANTARAN,0,ORANG,2017
140,32,JAWA BARAT,3272,KOTA SUKABUMI,LAINNYA,0,ORANG,2017
141,32,JAWA BARAT,3273,KOTA BANDUNG,FISIK,20,ORANG,2017
142,32,JAWA BARAT,3273,KOTA BANDUNG,PSIKIS,24,ORANG,2017
143,32,JAWA BARAT,3273,KOTA BANDUNG,SEKSUAL,8,ORANG,2017
144,32,JAWA BARAT,3273,KOTA BANDUNG,EKSPLOITASI,0,ORANG,2017
145,32,JAWA BARAT,3273,KOTA BANDUNG,TRAFFICKING,3,ORANG,2017
146,32,JAWA BARAT,3273,KOTA BANDUNG,PENELANTARAN,4,ORANG,2017
147,32,JAWA BARAT,3273,KOTA BANDUNG,LAINNYA,11,ORANG,2017
148,32,JAWA BARAT,3274,KOTA CIREBON,FISIK,3,ORANG,2017
149,32,JAWA BARAT,3274,KOTA CIREBON,PSIKIS,2,ORANG,2017
150,32,JAWA BARAT,3274,KOTA CIREBON,SEKSUAL,3,ORANG,2017
151,32,JAWA BARAT,3274,KOTA CIREBON,EKSPLOITASI,0,ORANG,2017
152,32,JAWA BARAT,3274,KOTA CIREBON,TRAFFICKING,0,ORANG,2017
153,32,JAWA BARAT,3274,KOTA CIREBON,PENELANTARAN,0,ORANG,2017
154,32,JAWA BARAT,3274,KOTA CIREBON,LAINNYA,1,ORANG,2017
155,32,JAWA BARAT,3275,KOTA BEKASI,FISIK,0,ORANG,2017
156,32,JAWA BARAT,3275,KOTA BEKASI,PSIKIS,1,ORANG,2017
157,32,JAWA BARAT,3275,KOTA BEKASI,SEKSUAL,0,ORANG,2017
158,32,JAWA BARAT,3275,KOTA BEKASI,EKSPLOITASI,0,ORANG,2017
159,32,JAWA BARAT,3275,KOTA BEKASI,TRAFFICKING,0,ORANG,2017
160,32,JAWA BARAT,3275,KOTA BEKASI,PENELANTARAN,2,ORANG,2017
161,32,JAWA BARAT,3275,KOTA BEKASI,LAINNYA,0,ORANG,2017
162,32,JAWA BARAT,3276,KOTA DEPOK,FISIK,1,ORANG,2017
163,32,JAWA BARAT,3276,KOTA DEPOK,PSIKIS,1,ORANG,2017
164,32,JAWA BARAT,3276,KOTA DEPOK,SEKSUAL,0,ORANG,2017
165,32,JAWA BARAT,3276,KOTA DEPOK,EKSPLOITASI,0,ORANG,2017
166,32,JAWA BARAT,3276,KOTA DEPOK,TRAFFICKING,0,ORANG,2017
167,32,JAWA BARAT,3276,KOTA DEPOK,PENELANTARAN,1,ORANG,2017
168,32,JAWA BARAT,3276,KOTA DEPOK,LAINNYA,0,ORANG,2017
169,32,JAWA BARAT,3277,KOTA CIMAHI,FISIK,1,ORANG,2017
170,32,JAWA BARAT,3277,KOTA CIMAHI,PSIKIS,1,ORANG,2017
171,32,JAWA BARAT,3277,KOTA CIMAHI,SEKSUAL,0,ORANG,2017
172,32,JAWA BARAT,3277,KOTA CIMAHI,EKSPLOITASI,0,ORANG,2017
173,32,JAWA BARAT,3277,KOTA CIMAHI,TRAFFICKING,0,ORANG,2017
174,32,JAWA BARAT,3277,KOTA CIMAHI,PENELANTARAN,0,ORANG,2017
175,32,JAWA BARAT,3277,KOTA CIMAHI,LAINNYA,0,ORANG,2017
176,32,JAWA BARAT,3278,KOTA TASIKMALAYA,FISIK,5,ORANG,2017
177,32,JAWA BARAT,3278,KOTA TASIKMALAYA,PSIKIS,2,ORANG,2017
178,32,JAWA BARAT,3278,KOTA TASIKMALAYA,SEKSUAL,9,ORANG,2017
179,32,JAWA BARAT,3278,KOTA TASIKMALAYA,EKSPLOITASI,2,ORANG,2017
180,32,JAWA BARAT,3278,KOTA TASIKMALAYA,TRAFFICKING,4,ORANG,2017
181,32,JAWA BARAT,3278,KOTA TASIKMALAYA,PENELANTARAN,0,ORANG,2017
182,32,JAWA BARAT,3278,KOTA TASIKMALAYA,LAINNYA,1,ORANG,2017
183,32,JAWA BARAT,3279,KOTA BANJAR,FISIK,0,ORANG,2017
184,32,JAWA BARAT,3279,KOTA BANJAR,PSIKIS,0,ORANG,2017
185,32,JAWA BARAT,3279,KOTA BANJAR,SEKSUAL,2,ORANG,2017
186,32,JAWA BARAT,3279,KOTA BANJAR,EKSPLOITASI,0,ORANG,2017
187,32,JAWA BARAT,3279,KOTA BANJAR,TRAFFICKING,0,ORANG,2017
188,32,JAWA BARAT,3279,KOTA BANJAR,PENELANTARAN,0,ORANG,2017
189,32,JAWA BARAT,3279,KOTA BANJAR,LAINNYA,0,ORANG,2017
190,32,JAWA BARAT,3201,KABUPATEN BOGOR,FISIK,1,ORANG,2018
191,32,JAWA BARAT,3201,KABUPATEN BOGOR,PSIKIS,0,ORANG,2018
192,32,JAWA BARAT,3201,KABUPATEN BOGOR,SEKSUAL,0,ORANG,2018
193,32,JAWA BARAT,3201,KABUPATEN BOGOR,EKSPLOITASI,0,ORANG,2018
194,32,JAWA BARAT,3201,KABUPATEN BOGOR,TRAFFICKING,0,ORANG,2018
195,32,JAWA BARAT,3201,KABUPATEN BOGOR,PENELANTARAN,0,ORANG,2018
196,32,JAWA BARAT,3201,KABUPATEN BOGOR,LAINNYA,0,ORANG,2018
197,32,JAWA BARAT,3202,KABUPATEN SUKABUMI,FISIK,0,ORANG,2018
198,32,JAWA BARAT,3202,KABUPATEN SUKABUMI,PSIKIS,0,ORANG,2018
199,32,JAWA BARAT,3202,KABUPATEN SUKABUMI,SEKSUAL,0,ORANG,2018
200,32,JAWA BARAT,3202,KABUPATEN SUKABUMI,EKSPLOITASI,0,ORANG,2018
201,32,JAWA BARAT,3202,KABUPATEN SUKABUMI,TRAFFICKING,0,ORANG,2018
202,32,JAWA BARAT,3202,KABUPATEN SUKABUMI,PENELANTARAN,0,ORANG,2018
203,32,JAWA BARAT,3202,KABUPATEN SUKABUMI,LAINNYA,0,ORANG,2018
204,32,JAWA BARAT,3203,KABUPATEN CIANJUR,FISIK,0,ORANG,2018
205,32,JAWA BARAT,3203,KABUPATEN CIANJUR,PSIKIS,0,ORANG,2018
206,32,JAWA BARAT,3203,KABUPATEN CIANJUR,SEKSUAL,0,ORANG,2018
207,32,JAWA BARAT,3203,KABUPATEN CIANJUR,EKSPLOITASI,0,ORANG,2018
208,32,JAWA BARAT,3203,KABUPATEN CIANJUR,TRAFFICKING,0,ORANG,2018
209,32,JAWA BARAT,3203,KABUPATEN CIANJUR,PENELANTARAN,0,ORANG,2018
210,32,JAWA BARAT,3203,KABUPATEN CIANJUR,LAINNYA,0,ORANG,2018
211,32,JAWA BARAT,3204,KABUPATEN BANDUNG,FISIK,8,ORANG,2018
212,32,JAWA BARAT,3204,KABUPATEN BANDUNG,PSIKIS,3,ORANG,2018
213,32,JAWA BARAT,3204,KABUPATEN BANDUNG,SEKSUAL,35,ORANG,2018
214,32,JAWA BARAT,3204,KABUPATEN BANDUNG,EKSPLOITASI,2,ORANG,2018
215,32,JAWA BARAT,3204,KABUPATEN BANDUNG,TRAFFICKING,1,ORANG,2018
216,32,JAWA BARAT,3204,KABUPATEN BANDUNG,PENELANTARAN,1,ORANG,2018
217,32,JAWA BARAT,3204,KABUPATEN BANDUNG,LAINNYA,0,ORANG,2018
218,32,JAWA BARAT,3205,KABUPATEN GARUT,FISIK,0,ORANG,2018
219,32,JAWA BARAT,3205,KABUPATEN GARUT,PSIKIS,0,ORANG,2018
220,32,JAWA BARAT,3205,KABUPATEN GARUT,SEKSUAL,0,ORANG,2018
221,32,JAWA BARAT,3205,KABUPATEN GARUT,EKSPLOITASI,0,ORANG,2018
222,32,JAWA BARAT,3205,KABUPATEN GARUT,TRAFFICKING,0,ORANG,2018
223,32,JAWA BARAT,3205,KABUPATEN GARUT,PENELANTARAN,0,ORANG,2018
224,32,JAWA BARAT,3205,KABUPATEN GARUT,LAINNYA,0,ORANG,2018
225,32,JAWA BARAT,3206,KABUPATEN TASIKMALAYA,FISIK,7,ORANG,2018
226,32,JAWA BARAT,3206,KABUPATEN TASIKMALAYA,PSIKIS,4,ORANG,2018
227,32,JAWA BARAT,3206,KABUPATEN TASIKMALAYA,SEKSUAL,14,ORANG,2018
228,32,JAWA BARAT,3206,KABUPATEN TASIKMALAYA,EKSPLOITASI,0,ORANG,2018
229,32,JAWA BARAT,3206,KABUPATEN TASIKMALAYA,TRAFFICKING,0,ORANG,2018
230,32,JAWA BARAT,3206,KABUPATEN TASIKMALAYA,PENELANTARAN,1,ORANG,2018
231,32,JAWA BARAT,3206,KABUPATEN TASIKMALAYA,LAINNYA,9,ORANG,2018
232,32,JAWA BARAT,3207,KABUPATEN CIAMIS,FISIK,5,ORANG,2018
233,32,JAWA BARAT,3207,KABUPATEN CIAMIS,PSIKIS,3,ORANG,2018
234,32,JAWA BARAT,3207,KABUPATEN CIAMIS,SEKSUAL,0,ORANG,2018
235,32,JAWA BARAT,3207,KABUPATEN CIAMIS,EKSPLOITASI,0,ORANG,2018
236,32,JAWA BARAT,3207,KABUPATEN CIAMIS,TRAFFICKING,0,ORANG,2018
237,32,JAWA BARAT,3207,KABUPATEN CIAMIS,PENELANTARAN,2,ORANG,2018
238,32,JAWA BARAT,3207,KABUPATEN CIAMIS,LAINNYA,0,ORANG,2018
239,32,JAWA BARAT,3208,KABUPATEN KUNINGAN,FISIK,1,ORANG,2018
240,32,JAWA BARAT,3208,KABUPATEN KUNINGAN,PSIKIS,1,ORANG,2018
241,32,JAWA BARAT,3208,KABUPATEN KUNINGAN,SEKSUAL,0,ORANG,2018
242,32,JAWA BARAT,3208,KABUPATEN KUNINGAN,EKSPLOITASI,0,ORANG,2018
243,32,JAWA BARAT,3208,KABUPATEN KUNINGAN,TRAFFICKING,0,ORANG,2018
244,32,JAWA BARAT,3208,KABUPATEN KUNINGAN,PENELANTARAN,0,ORANG,2018
245,32,JAWA BARAT,3208,KABUPATEN KUNINGAN,LAINNYA,0,ORANG,2018
246,32,JAWA BARAT,3209,KABUPATEN CIREBON,FISIK,15,ORANG,2018
247,32,JAWA BARAT,3209,KABUPATEN CIREBON,PSIKIS,4,ORANG,2018
248,32,JAWA BARAT,3209,KABUPATEN CIREBON,SEKSUAL,11,ORANG,2018
249,32,JAWA BARAT,3209,KABUPATEN CIREBON,EKSPLOITASI,0,ORANG,2018
250,32,JAWA BARAT,3209,KABUPATEN CIREBON,TRAFFICKING,1,ORANG,2018
251,32,JAWA BARAT,3209,KABUPATEN CIREBON,PENELANTARAN,0,ORANG,2018
252,32,JAWA BARAT,3209,KABUPATEN CIREBON,LAINNYA,8,ORANG,2018
253,32,JAWA BARAT,3210,KABUPATEN MAJALENGKA,FISIK,0,ORANG,2018
254,32,JAWA BARAT,3210,KABUPATEN MAJALENGKA,PSIKIS,1,ORANG,2018
255,32,JAWA BARAT,3210,KABUPATEN MAJALENGKA,SEKSUAL,0,ORANG,2018
256,32,JAWA BARAT,3210,KABUPATEN MAJALENGKA,EKSPLOITASI,0,ORANG,2018
257,32,JAWA BARAT,3210,KABUPATEN MAJALENGKA,TRAFFICKING,1,ORANG,2018
258,32,JAWA BARAT,3210,KABUPATEN MAJALENGKA,PENELANTARAN,0,ORANG,2018
259,32,JAWA BARAT,3210,KABUPATEN MAJALENGKA,LAINNYA,0,ORANG,2018
260,32,JAWA BARAT,3211,KABUPATEN SUMEDANG,FISIK,0,ORANG,2018
261,32,JAWA BARAT,3211,KABUPATEN SUMEDANG,PSIKIS,0,ORANG,2018
262,32,JAWA BARAT,3211,KABUPATEN SUMEDANG,SEKSUAL,0,ORANG,2018
263,32,JAWA BARAT,3211,KABUPATEN SUMEDANG,EKSPLOITASI,0,ORANG,2018
264,32,JAWA BARAT,3211,KABUPATEN SUMEDANG,TRAFFICKING,0,ORANG,2018
265,32,JAWA BARAT,3211,KABUPATEN SUMEDANG,PENELANTARAN,0,ORANG,2018
266,32,JAWA BARAT,3211,KABUPATEN SUMEDANG,LAINNYA,0,ORANG,2018
267,32,JAWA BARAT,3212,KABUPATEN INDRAMAYU,FISIK,0,ORANG,2018
268,32,JAWA BARAT,3212,KABUPATEN INDRAMAYU,PSIKIS,0,ORANG,2018
269,32,JAWA BARAT,3212,KABUPATEN INDRAMAYU,SEKSUAL,0,ORANG,2018
270,32,JAWA BARAT,3212,KABUPATEN INDRAMAYU,EKSPLOITASI,0,ORANG,2018
271,32,JAWA BARAT,3212,KABUPATEN INDRAMAYU,TRAFFICKING,0,ORANG,2018
272,32,JAWA BARAT,3212,KABUPATEN INDRAMAYU,PENELANTARAN,0,ORANG,2018
273,32,JAWA BARAT,3212,KABUPATEN INDRAMAYU,LAINNYA,0,ORANG,2018
274,32,JAWA BARAT,3213,KABUPATEN SUBANG,FISIK,20,ORANG,2018
275,32,JAWA BARAT,3213,KABUPATEN SUBANG,PSIKIS,0,ORANG,2018
276,32,JAWA BARAT,3213,KABUPATEN SUBANG,SEKSUAL,37,ORANG,2018
277,32,JAWA BARAT,3213,KABUPATEN SUBANG,EKSPLOITASI,0,ORANG,2018
278,32,JAWA BARAT,3213,KABUPATEN SUBANG,TRAFFICKING,6,ORANG,2018
279,32,JAWA BARAT,3213,KABUPATEN SUBANG,PENELANTARAN,1,ORANG,2018
280,32,JAWA BARAT,3213,KABUPATEN SUBANG,LAINNYA,0,ORANG,2018
281,32,JAWA BARAT,3214,KABUPATEN PURWAKARTA,FISIK,0,ORANG,2018
282,32,JAWA BARAT,3214,KABUPATEN PURWAKARTA,PSIKIS,0,ORANG,2018
283,32,JAWA BARAT,3214,KABUPATEN PURWAKARTA,SEKSUAL,0,ORANG,2018
284,32,JAWA BARAT,3214,KABUPATEN PURWAKARTA,EKSPLOITASI,0,ORANG,2018
285,32,JAWA BARAT,3214,KABUPATEN PURWAKARTA,TRAFFICKING,0,ORANG,2018
286,32,JAWA BARAT,3214,KABUPATEN PURWAKARTA,PENELANTARAN,0,ORANG,2018
287,32,JAWA BARAT,3214,KABUPATEN PURWAKARTA,LAINNYA,0,ORANG,2018
288,32,JAWA BARAT,3215,KABUPATEN KARAWANG,FISIK,0,ORANG,2018
289,32,JAWA BARAT,3215,KABUPATEN KARAWANG,PSIKIS,1,ORANG,2018
290,32,JAWA BARAT,3215,KABUPATEN KARAWANG,SEKSUAL,1,ORANG,2018
291,32,JAWA BARAT,3215,KABUPATEN KARAWANG,EKSPLOITASI,0,ORANG,2018
292,32,JAWA BARAT,3215,KABUPATEN KARAWANG,TRAFFICKING,0,ORANG,2018
293,32,JAWA BARAT,3215,KABUPATEN KARAWANG,PENELANTARAN,0,ORANG,2018
294,32,JAWA BARAT,3215,KABUPATEN KARAWANG,LAINNYA,0,ORANG,2018
295,32,JAWA BARAT,3216,KABUPATEN BEKASI,FISIK,1,ORANG,2018
296,32,JAWA BARAT,3216,KABUPATEN BEKASI,PSIKIS,2,ORANG,2018
297,32,JAWA BARAT,3216,KABUPATEN BEKASI,SEKSUAL,0,ORANG,2018
298,32,JAWA BARAT,3216,KABUPATEN BEKASI,EKSPLOITASI,0,ORANG,2018
299,32,JAWA BARAT,3216,KABUPATEN BEKASI,TRAFFICKING,0,ORANG,2018
300,32,JAWA BARAT,3216,KABUPATEN BEKASI,PENELANTARAN,0,ORANG,2018
301,32,JAWA BARAT,3216,KABUPATEN BEKASI,LAINNYA,0,ORANG,2018
302,32,JAWA BARAT,3217,KABUPATEN BANDUNG BARAT,FISIK,1,ORANG,2018
303,32,JAWA BARAT,3217,KABUPATEN BANDUNG BARAT,PSIKIS,1,ORANG,2018
304,32,JAWA BARAT,3217,KABUPATEN BANDUNG BARAT,SEKSUAL,0,ORANG,2018
305,32,JAWA BARAT,3217,KABUPATEN BANDUNG BARAT,EKSPLOITASI,0,ORANG,2018
306,32,JAWA BARAT,3217,KABUPATEN BANDUNG BARAT,TRAFFICKING,0,ORANG,2018
307,32,JAWA BARAT,3217,KABUPATEN BANDUNG BARAT,PENELANTARAN,1,ORANG,2018
308,32,JAWA BARAT,3217,KABUPATEN BANDUNG BARAT,LAINNYA,0,ORANG,2018
309,32,JAWA BARAT,3218,KABUPATEN PANGANDARAN,FISIK,0,ORANG,2018
310,32,JAWA BARAT,3218,KABUPATEN PANGANDARAN,PSIKIS,0,ORANG,2018
311,32,JAWA BARAT,3218,KABUPATEN PANGANDARAN,SEKSUAL,0,ORANG,2018
312,32,JAWA BARAT,3218,KABUPATEN PANGANDARAN,EKSPLOITASI,0,ORANG,2018
313,32,JAWA BARAT,3218,KABUPATEN PANGANDARAN,TRAFFICKING,0,ORANG,2018
314,32,JAWA BARAT,3218,KABUPATEN PANGANDARAN,PENELANTARAN,0,ORANG,2018
315,32,JAWA BARAT,3218,KABUPATEN PANGANDARAN,LAINNYA,0,ORANG,2018
316,32,JAWA BARAT,3271,KOTA BOGOR,FISIK,0,ORANG,2018
317,32,JAWA BARAT,3271,KOTA BOGOR,PSIKIS,0,ORANG,2018
318,32,JAWA BARAT,3271,KOTA BOGOR,SEKSUAL,4,ORANG,2018
319,32,JAWA BARAT,3271,KOTA BOGOR,EKSPLOITASI,0,ORANG,2018
320,32,JAWA BARAT,3271,KOTA BOGOR,TRAFFICKING,0,ORANG,2018
321,32,JAWA BARAT,3271,KOTA BOGOR,PENELANTARAN,2,ORANG,2018
322,32,JAWA BARAT,3271,KOTA BOGOR,LAINNYA,0,ORANG,2018
323,32,JAWA BARAT,3272,KOTA SUKABUMI,FISIK,0,ORANG,2018
324,32,JAWA BARAT,3272,KOTA SUKABUMI,PSIKIS,0,ORANG,2018
325,32,JAWA BARAT,3272,KOTA SUKABUMI,SEKSUAL,0,ORANG,2018
326,32,JAWA BARAT,3272,KOTA SUKABUMI,EKSPLOITASI,0,ORANG,2018
327,32,JAWA BARAT,3272,KOTA SUKABUMI,TRAFFICKING,0,ORANG,2018
328,32,JAWA BARAT,3272,KOTA SUKABUMI,PENELANTARAN,0,ORANG,2018
329,32,JAWA BARAT,3272,KOTA SUKABUMI,LAINNYA,0,ORANG,2018
330,32,JAWA BARAT,3273,KOTA BANDUNG,FISIK,25,ORANG,2018
331,32,JAWA BARAT,3273,KOTA BANDUNG,PSIKIS,38,ORANG,2018
332,32,JAWA BARAT,3273,KOTA BANDUNG,SEKSUAL,19,ORANG,2018
333,32,JAWA BARAT,3273,KOTA BANDUNG,EKSPLOITASI,0,ORANG,2018
334,32,JAWA BARAT,3273,KOTA BANDUNG,TRAFFICKING,1,ORANG,2018
335,32,JAWA BARAT,3273,KOTA BANDUNG,PENELANTARAN,13,ORANG,2018
336,32,JAWA BARAT,3273,KOTA BANDUNG,LAINNYA,3,ORANG,2018
337,32,JAWA BARAT,3274,KOTA CIREBON,FISIK,0,ORANG,2018
338,32,JAWA BARAT,3274,KOTA CIREBON,PSIKIS,0,ORANG,2018
339,32,JAWA BARAT,3274,KOTA CIREBON,SEKSUAL,0,ORANG,2018
340,32,JAWA BARAT,3274,KOTA CIREBON,EKSPLOITASI,0,ORANG,2018
341,32,JAWA BARAT,3274,KOTA CIREBON,TRAFFICKING,0,ORANG,2018
342,32,JAWA BARAT,3274,KOTA CIREBON,PENELANTARAN,0,ORANG,2018
343,32,JAWA BARAT,3274,KOTA CIREBON,LAINNYA,0,ORANG,2018
344,32,JAWA BARAT,3275,KOTA BEKASI,FISIK,2,ORANG,2018
345,32,JAWA BARAT,3275,KOTA BEKASI,PSIKIS,1,ORANG,2018
346,32,JAWA BARAT,3275,KOTA BEKASI,SEKSUAL,1,ORANG,2018
347,32,JAWA BARAT,3275,KOTA BEKASI,EKSPLOITASI,0,ORANG,2018
348,32,JAWA BARAT,3275,KOTA BEKASI,TRAFFICKING,0,ORANG,2018
349,32,JAWA BARAT,3275,KOTA BEKASI,PENELANTARAN,0,ORANG,2018
350,32,JAWA BARAT,3275,KOTA BEKASI,LAINNYA,0,ORANG,2018
351,32,JAWA BARAT,3276,KOTA DEPOK,FISIK,3,ORANG,2018
352,32,JAWA BARAT,3276,KOTA DEPOK,PSIKIS,2,ORANG,2018
353,32,JAWA BARAT,3276,KOTA DEPOK,SEKSUAL,3,ORANG,2018
354,32,JAWA BARAT,3276,KOTA DEPOK,EKSPLOITASI,0,ORANG,2018
355,32,JAWA BARAT,3276,KOTA DEPOK,TRAFFICKING,0,ORANG,2018
356,32,JAWA BARAT,3276,KOTA DEPOK,PENELANTARAN,0,ORANG,2018
357,32,JAWA BARAT,3276,KOTA DEPOK,LAINNYA,0,ORANG,2018
358,32,JAWA BARAT,3277,KOTA CIMAHI,FISIK,0,ORANG,2018
359,32,JAWA BARAT,3277,KOTA CIMAHI,PSIKIS,0,ORANG,2018
360,32,JAWA BARAT,3277,KOTA CIMAHI,SEKSUAL,0,ORANG,2018
361,32,JAWA BARAT,3277,KOTA CIMAHI,EKSPLOITASI,0,ORANG,2018
362,32,JAWA BARAT,3277,KOTA CIMAHI,TRAFFICKING,0,ORANG,2018
363,32,JAWA BARAT,3277,KOTA CIMAHI,PENELANTARAN,0,ORANG,2018
364,32,JAWA BARAT,3277,KOTA CIMAHI,LAINNYA,1,ORANG,2018
365,32,JAWA BARAT,3278,KOTA TASIKMALAYA,FISIK,0,ORANG,2018
366,32,JAWA BARAT,3278,KOTA TASIKMALAYA,PSIKIS,0,ORANG,2018
367,32,JAWA BARAT,3278,KOTA TASIKMALAYA,SEKSUAL,0,ORANG,2018
368,32,JAWA BARAT,3278,KOTA TASIKMALAYA,EKSPLOITASI,0,ORANG,2018
369,32,JAWA BARAT,3278,KOTA TASIKMALAYA,TRAFFICKING,0,ORANG,2018
370,32,JAWA BARAT,3278,KOTA TASIKMALAYA,PENELANTARAN,0,ORANG,2018
371,32,JAWA BARAT,3278,KOTA TASIKMALAYA,LAINNYA,0,ORANG,2018
372,32,JAWA BARAT,3279,KOTA BANJAR,FISIK,0,ORANG,2018
373,32,JAWA BARAT,3279,KOTA BANJAR,PSIKIS,0,ORANG,2018
374,32,JAWA BARAT,3279,KOTA BANJAR,SEKSUAL,0,ORANG,2018
375,32,JAWA BARAT,3279,KOTA BANJAR,EKSPLOITASI,0,ORANG,2018
376,32,JAWA BARAT,3279,KOTA BANJAR,TRAFFICKING,0,ORANG,2018
377,32,JAWA BARAT,3279,KOTA BANJAR,PENELANTARAN,0,ORANG,2018
378,32,JAWA BARAT,3279,KOTA BANJAR,LAINNYA,0,ORANG,2018
379,32,JAWA BARAT,3201,KABUPATEN BOGOR,FISIK,8,ORANG,2019
380,32,JAWA BARAT,3201,KABUPATEN BOGOR,PSIKIS,4,ORANG,2019
381,32,JAWA BARAT,3201,KABUPATEN BOGOR,SEKSUAL,1,ORANG,2019
382,32,JAWA BARAT,3201,KABUPATEN BOGOR,EKSPLOITASI,0,ORANG,2019
383,32,JAWA BARAT,3201,KABUPATEN BOGOR,TRAFFICKING,2,ORANG,2019
384,32,JAWA BARAT,3201,KABUPATEN BOGOR,PENELANTARAN,1,ORANG,2019
385,32,JAWA BARAT,3201,KABUPATEN BOGOR,LAINNYA,3,ORANG,2019
386,32,JAWA BARAT,3202,KABUPATEN SUKABUMI,FISIK,18,ORANG,2019
387,32,JAWA BARAT,3202,KABUPATEN SUKABUMI,PSIKIS,2,ORANG,2019
388,32,JAWA BARAT,3202,KABUPATEN SUKABUMI,SEKSUAL,64,ORANG,2019
389,32,JAWA BARAT,3202,KABUPATEN SUKABUMI,EKSPLOITASI,0,ORANG,2019
390,32,JAWA BARAT,3202,KABUPATEN SUKABUMI,TRAFFICKING,27,ORANG,2019
391,32,JAWA BARAT,3202,KABUPATEN SUKABUMI,PENELANTARAN,1,ORANG,2019
392,32,JAWA BARAT,3202,KABUPATEN SUKABUMI,LAINNYA,7,ORANG,2019
393,32,JAWA BARAT,3203,KABUPATEN CIANJUR,FISIK,0,ORANG,2019
394,32,JAWA BARAT,3203,KABUPATEN CIANJUR,PSIKIS,0,ORANG,2019
395,32,JAWA BARAT,3203,KABUPATEN CIANJUR,SEKSUAL,3,ORANG,2019
396,32,JAWA BARAT,3203,KABUPATEN CIANJUR,EKSPLOITASI,0,ORANG,2019
397,32,JAWA BARAT,3203,KABUPATEN CIANJUR,TRAFFICKING,0,ORANG,2019
398,32,JAWA BARAT,3203,KABUPATEN CIANJUR,PENELANTARAN,0,ORANG,2019
399,32,JAWA BARAT,3203,KABUPATEN CIANJUR,LAINNYA,0,ORANG,2019
400,32,JAWA BARAT,3204,KABUPATEN BANDUNG,FISIK,12,ORANG,2019
401,32,JAWA BARAT,3204,KABUPATEN BANDUNG,PSIKIS,13,ORANG,2019
402,32,JAWA BARAT,3204,KABUPATEN BANDUNG,SEKSUAL,29,ORANG,2019
403,32,JAWA BARAT,3204,KABUPATEN BANDUNG,EKSPLOITASI,1,ORANG,2019
404,32,JAWA BARAT,3204,KABUPATEN BANDUNG,TRAFFICKING,4,ORANG,2019
405,32,JAWA BARAT,3204,KABUPATEN BANDUNG,PENELANTARAN,5,ORANG,2019
406,32,JAWA BARAT,3204,KABUPATEN BANDUNG,LAINNYA,11,ORANG,2019
407,32,JAWA BARAT,3205,KABUPATEN GARUT,FISIK,6,ORANG,2019
408,32,JAWA BARAT,3205,KABUPATEN GARUT,PSIKIS,5,ORANG,2019
409,32,JAWA BARAT,3205,KABUPATEN GARUT,SEKSUAL,3,ORANG,2019
410,32,JAWA BARAT,3205,KABUPATEN GARUT,EKSPLOITASI,0,ORANG,2019
411,32,JAWA BARAT,3205,KABUPATEN GARUT,TRAFFICKING,1,ORANG,2019
412,32,JAWA BARAT,3205,KABUPATEN GARUT,PENELANTARAN,0,ORANG,2019
413,32,JAWA BARAT,3205,KABUPATEN GARUT,LAINNYA,1,ORANG,2019
414,32,JAWA BARAT,3206,KABUPATEN TASIKMALAYA,FISIK,0,ORANG,2019
415,32,JAWA BARAT,3206,KABUPATEN TASIKMALAYA,PSIKIS,0,ORANG,2019
416,32,JAWA BARAT,3206,KABUPATEN TASIKMALAYA,SEKSUAL,2,ORANG,2019
417,32,JAWA BARAT,3206,KABUPATEN TASIKMALAYA,EKSPLOITASI,0,ORANG,2019
418,32,JAWA BARAT,3206,KABUPATEN TASIKMALAYA,TRAFFICKING,0,ORANG,2019
419,32,JAWA BARAT,3206,KABUPATEN TASIKMALAYA,PENELANTARAN,0,ORANG,2019
420,32,JAWA BARAT,3206,KABUPATEN TASIKMALAYA,LAINNYA,0,ORANG,2019
421,32,JAWA BARAT,3207,KABUPATEN CIAMIS,FISIK,1,ORANG,2019
422,32,JAWA BARAT,3207,KABUPATEN CIAMIS,PSIKIS,0,ORANG,2019
423,32,JAWA BARAT,3207,KABUPATEN CIAMIS,SEKSUAL,0,ORANG,2019
424,32,JAWA BARAT,3207,KABUPATEN CIAMIS,EKSPLOITASI,1,ORANG,2019
425,32,JAWA BARAT,3207,KABUPATEN CIAMIS,TRAFFICKING,0,ORANG,2019
426,32,JAWA BARAT,3207,KABUPATEN CIAMIS,PENELANTARAN,0,ORANG,2019
427,32,JAWA BARAT,3207,KABUPATEN CIAMIS,LAINNYA,0,ORANG,2019
428,32,JAWA BARAT,3208,KABUPATEN KUNINGAN,FISIK,1,ORANG,2019
429,32,JAWA BARAT,3208,KABUPATEN KUNINGAN,PSIKIS,1,ORANG,2019
430,32,JAWA BARAT,3208,KABUPATEN KUNINGAN,SEKSUAL,0,ORANG,2019
431,32,JAWA BARAT,3208,KABUPATEN KUNINGAN,EKSPLOITASI,0,ORANG,2019
432,32,JAWA BARAT,3208,KABUPATEN KUNINGAN,TRAFFICKING,0,ORANG,2019
433,32,JAWA BARAT,3208,KABUPATEN KUNINGAN,PENELANTARAN,0,ORANG,2019
434,32,JAWA BARAT,3208,KABUPATEN KUNINGAN,LAINNYA,0,ORANG,2019
435,32,JAWA BARAT,3209,KABUPATEN CIREBON,FISIK,27,ORANG,2019
436,32,JAWA BARAT,3209,KABUPATEN CIREBON,PSIKIS,17,ORANG,2019
437,32,JAWA BARAT,3209,KABUPATEN CIREBON,SEKSUAL,18,ORANG,2019
438,32,JAWA BARAT,3209,KABUPATEN CIREBON,EKSPLOITASI,1,ORANG,2019
439,32,JAWA BARAT,3209,KABUPATEN CIREBON,TRAFFICKING,0,ORANG,2019
440,32,JAWA BARAT,3209,KABUPATEN CIREBON,PENELANTARAN,1,ORANG,2019
441,32,JAWA BARAT,3209,KABUPATEN CIREBON,LAINNYA,4,ORANG,2019
442,32,JAWA BARAT,3210,KABUPATEN MAJALENGKA,FISIK,1,ORANG,2019
443,32,JAWA BARAT,3210,KABUPATEN MAJALENGKA,PSIKIS,0,ORANG,2019
444,32,JAWA BARAT,3210,KABUPATEN MAJALENGKA,SEKSUAL,10,ORANG,2019
445,32,JAWA BARAT,3210,KABUPATEN MAJALENGKA,EKSPLOITASI,0,ORANG,2019
446,32,JAWA BARAT,3210,KABUPATEN MAJALENGKA,TRAFFICKING,0,ORANG,2019
447,32,JAWA BARAT,3210,KABUPATEN MAJALENGKA,PENELANTARAN,0,ORANG,2019
448,32,JAWA BARAT,3210,KABUPATEN MAJALENGKA,LAINNYA,0,ORANG,2019
449,32,JAWA BARAT,3211,KABUPATEN SUMEDANG,FISIK,13,ORANG,2019
450,32,JAWA BARAT,3211,KABUPATEN SUMEDANG,PSIKIS,0,ORANG,2019
451,32,JAWA BARAT,3211,KABUPATEN SUMEDANG,SEKSUAL,2,ORANG,2019
452,32,JAWA BARAT,3211,KABUPATEN SUMEDANG,EKSPLOITASI,0,ORANG,2019
453,32,JAWA BARAT,3211,KABUPATEN SUMEDANG,TRAFFICKING,0,ORANG,2019
454,32,JAWA BARAT,3211,KABUPATEN SUMEDANG,PENELANTARAN,0,ORANG,2019
455,32,JAWA BARAT,3211,KABUPATEN SUMEDANG,LAINNYA,0,ORANG,2019
456,32,JAWA BARAT,3212,KABUPATEN INDRAMAYU,FISIK,0,ORANG,2019
457,32,JAWA BARAT,3212,KABUPATEN INDRAMAYU,PSIKIS,0,ORANG,2019
458,32,JAWA BARAT,3212,KABUPATEN INDRAMAYU,SEKSUAL,16,ORANG,2019
459,32,JAWA BARAT,3212,KABUPATEN INDRAMAYU,EKSPLOITASI,0,ORANG,2019
460,32,JAWA BARAT,3212,KABUPATEN INDRAMAYU,TRAFFICKING,1,ORANG,2019
461,32,JAWA BARAT,3212,KABUPATEN INDRAMAYU,PENELANTARAN,1,ORANG,2019
462,32,JAWA BARAT,3212,KABUPATEN INDRAMAYU,LAINNYA,3,ORANG,2019
463,32,JAWA BARAT,3213,KABUPATEN SUBANG,FISIK,5,ORANG,2019
464,32,JAWA BARAT,3213,KABUPATEN SUBANG,PSIKIS,0,ORANG,2019
465,32,JAWA BARAT,3213,KABUPATEN SUBANG,SEKSUAL,8,ORANG,2019
466,32,JAWA BARAT,3213,KABUPATEN SUBANG,EKSPLOITASI,0,ORANG,2019
467,32,JAWA BARAT,3213,KABUPATEN SUBANG,TRAFFICKING,2,ORANG,2019
468,32,JAWA BARAT,3213,KABUPATEN SUBANG,PENELANTARAN,1,ORANG,2019
469,32,JAWA BARAT,3213,KABUPATEN SUBANG,LAINNYA,0,ORANG,2019
470,32,JAWA BARAT,3214,KABUPATEN PURWAKARTA,FISIK,15,ORANG,2019
471,32,JAWA BARAT,3214,KABUPATEN PURWAKARTA,PSIKIS,0,ORANG,2019
472,32,JAWA BARAT,3214,KABUPATEN PURWAKARTA,SEKSUAL,12,ORANG,2019
473,32,JAWA BARAT,3214,KABUPATEN PURWAKARTA,EKSPLOITASI,0,ORANG,2019
474,32,JAWA BARAT,3214,KABUPATEN PURWAKARTA,TRAFFICKING,0,ORANG,2019
475,32,JAWA BARAT,3214,KABUPATEN PURWAKARTA,PENELANTARAN,0,ORANG,2019
476,32,JAWA BARAT,3214,KABUPATEN PURWAKARTA,LAINNYA,0,ORANG,2019
477,32,JAWA BARAT,3215,KABUPATEN KARAWANG,FISIK,1,ORANG,2019
478,32,JAWA BARAT,3215,KABUPATEN KARAWANG,PSIKIS,1,ORANG,2019
479,32,JAWA BARAT,3215,KABUPATEN KARAWANG,SEKSUAL,0,ORANG,2019
480,32,JAWA BARAT,3215,KABUPATEN KARAWANG,EKSPLOITASI,0,ORANG,2019
481,32,JAWA BARAT,3215,KABUPATEN KARAWANG,TRAFFICKING,0,ORANG,2019
482,32,JAWA BARAT,3215,KABUPATEN KARAWANG,PENELANTARAN,0,ORANG,2019
483,32,JAWA BARAT,3215,KABUPATEN KARAWANG,LAINNYA,0,ORANG,2019
484,32,JAWA BARAT,3216,KABUPATEN BEKASI,FISIK,4,ORANG,2019
485,32,JAWA BARAT,3216,KABUPATEN BEKASI,PSIKIS,6,ORANG,2019
486,32,JAWA BARAT,3216,KABUPATEN BEKASI,SEKSUAL,1,ORANG,2019
487,32,JAWA BARAT,3216,KABUPATEN BEKASI,EKSPLOITASI,0,ORANG,2019
488,32,JAWA BARAT,3216,KABUPATEN BEKASI,TRAFFICKING,0,ORANG,2019
489,32,JAWA BARAT,3216,KABUPATEN BEKASI,PENELANTARAN,1,ORANG,2019
490,32,JAWA BARAT,3216,KABUPATEN BEKASI,LAINNYA,0,ORANG,2019
491,32,JAWA BARAT,3217,KABUPATEN BANDUNG BARAT,FISIK,10,ORANG,2019
492,32,JAWA BARAT,3217,KABUPATEN BANDUNG BARAT,PSIKIS,9,ORANG,2019
493,32,JAWA BARAT,3217,KABUPATEN BANDUNG BARAT,SEKSUAL,8,ORANG,2019
494,32,JAWA BARAT,3217,KABUPATEN BANDUNG BARAT,EKSPLOITASI,0,ORANG,2019
495,32,JAWA BARAT,3217,KABUPATEN BANDUNG BARAT,TRAFFICKING,0,ORANG,2019
496,32,JAWA BARAT,3217,KABUPATEN BANDUNG BARAT,PENELANTARAN,2,ORANG,2019
497,32,JAWA BARAT,3217,KABUPATEN BANDUNG BARAT,LAINNYA,1,ORANG,2019
498,32,JAWA BARAT,3218,KABUPATEN PANGANDARAN,FISIK,0,ORANG,2019
499,32,JAWA BARAT,3218,KABUPATEN PANGANDARAN,PSIKIS,2,ORANG,2019
500,32,JAWA BARAT,3218,KABUPATEN PANGANDARAN,SEKSUAL,3,ORANG,2019
501,32,JAWA BARAT,3218,KABUPATEN PANGANDARAN,EKSPLOITASI,0,ORANG,2019
502,32,JAWA BARAT,3218,KABUPATEN PANGANDARAN,TRAFFICKING,0,ORANG,2019
503,32,JAWA BARAT,3218,KABUPATEN PANGANDARAN,PENELANTARAN,0,ORANG,2019
504,32,JAWA BARAT,3218,KABUPATEN PANGANDARAN,LAINNYA,2,ORANG,2019
505,32,JAWA BARAT,3271,KOTA BOGOR,FISIK,4,ORANG,2019
506,32,JAWA BARAT,3271,KOTA BOGOR,PSIKIS,9,ORANG,2019
507,32,JAWA BARAT,3271,KOTA BOGOR,SEKSUAL,6,ORANG,2019
508,32,JAWA BARAT,3271,KOTA BOGOR,EKSPLOITASI,0,ORANG,2019
509,32,JAWA BARAT,3271,KOTA BOGOR,TRAFFICKING,0,ORANG,2019
510,32,JAWA BARAT,3271,KOTA BOGOR,PENELANTARAN,7,ORANG,2019
511,32,JAWA BARAT,3271,KOTA BOGOR,LAINNYA,6,ORANG,2019
512,32,JAWA BARAT,3272,KOTA SUKABUMI,FISIK,1,ORANG,2019
513,32,JAWA BARAT,3272,KOTA SUKABUMI,PSIKIS,1,ORANG,2019
514,32,JAWA BARAT,3272,KOTA SUKABUMI,SEKSUAL,2,ORANG,2019
515,32,JAWA BARAT,3272,KOTA SUKABUMI,EKSPLOITASI,0,ORANG,2019
516,32,JAWA BARAT,3272,KOTA SUKABUMI,TRAFFICKING,1,ORANG,2019
517,32,JAWA BARAT,3272,KOTA SUKABUMI,PENELANTARAN,0,ORANG,2019
518,32,JAWA BARAT,3272,KOTA SUKABUMI,LAINNYA,0,ORANG,2019
519,32,JAWA BARAT,3273,KOTA BANDUNG,FISIK,59,ORANG,2019
520,32,JAWA BARAT,3273,KOTA BANDUNG,PSIKIS,108,ORANG,2019
521,32,JAWA BARAT,3273,KOTA BANDUNG,SEKSUAL,49,ORANG,2019
522,32,JAWA BARAT,3273,KOTA BANDUNG,EKSPLOITASI,1,ORANG,2019
523,32,JAWA BARAT,3273,KOTA BANDUNG,TRAFFICKING,2,ORANG,2019
524,32,JAWA BARAT,3273,KOTA BANDUNG,PENELANTARAN,35,ORANG,2019
525,32,JAWA BARAT,3273,KOTA BANDUNG,LAINNYA,34,ORANG,2019
526,32,JAWA BARAT,3274,KOTA CIREBON,FISIK,1,ORANG,2019
527,32,JAWA BARAT,3274,KOTA CIREBON,PSIKIS,0,ORANG,2019
528,32,JAWA BARAT,3274,KOTA CIREBON,SEKSUAL,1,ORANG,2019
529,32,JAWA BARAT,3274,KOTA CIREBON,EKSPLOITASI,0,ORANG,2019
530,32,JAWA BARAT,3274,KOTA CIREBON,TRAFFICKING,0,ORANG,2019
531,32,JAWA BARAT,3274,KOTA CIREBON,PENELANTARAN,1,ORANG,2019
532,32,JAWA BARAT,3274,KOTA CIREBON,LAINNYA,0,ORANG,2019
533,32,JAWA BARAT,3275,KOTA BEKASI,FISIK,1,ORANG,2019
534,32,JAWA BARAT,3275,KOTA BEKASI,PSIKIS,1,ORANG,2019
535,32,JAWA BARAT,3275,KOTA BEKASI,SEKSUAL,1,ORANG,2019
536,32,JAWA BARAT,3275,KOTA BEKASI,EKSPLOITASI,0,ORANG,2019
537,32,JAWA BARAT,3275,KOTA BEKASI,TRAFFICKING,0,ORANG,2019
538,32,JAWA BARAT,3275,KOTA BEKASI,PENELANTARAN,0,ORANG,2019
539,32,JAWA BARAT,3275,KOTA BEKASI,LAINNYA,0,ORANG,2019
540,32,JAWA BARAT,3276,KOTA DEPOK,FISIK,10,ORANG,2019
541,32,JAWA BARAT,3276,KOTA DEPOK,PSIKIS,12,ORANG,2019
542,32,JAWA BARAT,3276,KOTA DEPOK,SEKSUAL,13,ORANG,2019
543,32,JAWA BARAT,3276,KOTA DEPOK,EKSPLOITASI,0,ORANG,2019
544,32,JAWA BARAT,3276,KOTA DEPOK,TRAFFICKING,0,ORANG,2019
545,32,JAWA BARAT,3276,KOTA DEPOK,PENELANTARAN,0,ORANG,2019
546,32,JAWA BARAT,3276,KOTA DEPOK,LAINNYA,9,ORANG,2019
547,32,JAWA BARAT,3277,KOTA CIMAHI,FISIK,3,ORANG,2019
548,32,JAWA BARAT,3277,KOTA CIMAHI,PSIKIS,2,ORANG,2019
549,32,JAWA BARAT,3277,KOTA CIMAHI,SEKSUAL,3,ORANG,2019
550,32,JAWA BARAT,3277,KOTA CIMAHI,EKSPLOITASI,0,ORANG,2019
551,32,JAWA BARAT,3277,KOTA CIMAHI,TRAFFICKING,1,ORANG,2019
552,32,JAWA BARAT,3277,KOTA CIMAHI,PENELANTARAN,1,ORANG,2019
553,32,JAWA BARAT,3277,KOTA CIMAHI,LAINNYA,0,ORANG,2019
554,32,JAWA BARAT,3278,KOTA TASIKMALAYA,FISIK,0,ORANG,2019
555,32,JAWA BARAT,3278,KOTA TASIKMALAYA,PSIKIS,2,ORANG,2019
556,32,JAWA BARAT,3278,KOTA TASIKMALAYA,SEKSUAL,0,ORANG,2019
557,32,JAWA BARAT,3278,KOTA TASIKMALAYA,EKSPLOITASI,0,ORANG,2019
558,32,JAWA BARAT,3278,KOTA TASIKMALAYA,TRAFFICKING,0,ORANG,2019
559,32,JAWA BARAT,3278,KOTA TASIKMALAYA,PENELANTARAN,0,ORANG,2019
560,32,JAWA BARAT,3278,KOTA TASIKMALAYA,LAINNYA,0,ORANG,2019
561,32,JAWA BARAT,3279,KOTA BANJAR,FISIK,0,ORANG,2019
562,32,JAWA BARAT,3279,KOTA BANJAR,PSIKIS,0,ORANG,2019
563,32,JAWA BARAT,3279,KOTA BANJAR,SEKSUAL,0,ORANG,2019
564,32,JAWA BARAT,3279,KOTA BANJAR,EKSPLOITASI,0,ORANG,2019
565,32,JAWA BARAT,3279,KOTA BANJAR,TRAFFICKING,0,ORANG,2019
566,32,JAWA BARAT,3279,KOTA BANJAR,PENELANTARAN,0,ORANG,2019
567,32,JAWA BARAT,3279,KOTA BANJAR,LAINNYA,1,ORANG,2019
568,32,JAWA BARAT,3201,KABUPATEN BOGOR,FISIK,2,ORANG,2020
569,32,JAWA BARAT,3201,KABUPATEN BOGOR,PSIKIS,1,ORANG,2020
570,32,JAWA BARAT,3201,KABUPATEN BOGOR,SEKSUAL,1,ORANG,2020
571,32,JAWA BARAT,3201,KABUPATEN BOGOR,EKSPLOITASI,0,ORANG,2020
572,32,JAWA BARAT,3201,KABUPATEN BOGOR,TRAFFICKING,0,ORANG,2020
573,32,JAWA BARAT,3201,KABUPATEN BOGOR,PENELANTARAN,0,ORANG,2020
574,32,JAWA BARAT,3201,KABUPATEN BOGOR,LAINNYA,0,ORANG,2020
575,32,JAWA BARAT,3202,KABUPATEN SUKABUMI,FISIK,1,ORANG,2020
576,32,JAWA BARAT,3202,KABUPATEN SUKABUMI,PSIKIS,1,ORANG,2020
577,32,JAWA BARAT,3202,KABUPATEN SUKABUMI,SEKSUAL,0,ORANG,2020
578,32,JAWA BARAT,3202,KABUPATEN SUKABUMI,EKSPLOITASI,0,ORANG,2020
579,32,JAWA BARAT,3202,KABUPATEN SUKABUMI,TRAFFICKING,0,ORANG,2020
580,32,JAWA BARAT,3202,KABUPATEN SUKABUMI,PENELANTARAN,0,ORANG,2020
581,32,JAWA BARAT,3202,KABUPATEN SUKABUMI,LAINNYA,0,ORANG,2020
582,32,JAWA BARAT,3203,KABUPATEN CIANJUR,FISIK,1,ORANG,2020
583,32,JAWA BARAT,3203,KABUPATEN CIANJUR,PSIKIS,1,ORANG,2020
584,32,JAWA BARAT,3203,KABUPATEN CIANJUR,SEKSUAL,1,ORANG,2020
585,32,JAWA BARAT,3203,KABUPATEN CIANJUR,EKSPLOITASI,1,ORANG,2020
586,32,JAWA BARAT,3203,KABUPATEN CIANJUR,TRAFFICKING,0,ORANG,2020
587,32,JAWA BARAT,3203,KABUPATEN CIANJUR,PENELANTARAN,0,ORANG,2020
588,32,JAWA BARAT,3203,KABUPATEN CIANJUR,LAINNYA,0,ORANG,2020
589,32,JAWA BARAT,3204,KABUPATEN BANDUNG,FISIK,24,ORANG,2020
590,32,JAWA BARAT,3204,KABUPATEN BANDUNG,PSIKIS,28,ORANG,2020
591,32,JAWA BARAT,3204,KABUPATEN BANDUNG,SEKSUAL,35,ORANG,2020
592,32,JAWA BARAT,3204,KABUPATEN BANDUNG,EKSPLOITASI,0,ORANG,2020
593,32,JAWA BARAT,3204,KABUPATEN BANDUNG,TRAFFICKING,3,ORANG,2020
594,32,JAWA BARAT,3204,KABUPATEN BANDUNG,PENELANTARAN,11,ORANG,2020
595,32,JAWA BARAT,3204,KABUPATEN BANDUNG,LAINNYA,17,ORANG,2020
596,32,JAWA BARAT,3205,KABUPATEN GARUT,FISIK,2,ORANG,2020
597,32,JAWA BARAT,3205,KABUPATEN GARUT,PSIKIS,3,ORANG,2020
598,32,JAWA BARAT,3205,KABUPATEN GARUT,SEKSUAL,0,ORANG,2020
599,32,JAWA BARAT,3205,KABUPATEN GARUT,EKSPLOITASI,1,ORANG,2020
600,32,JAWA BARAT,3205,KABUPATEN GARUT,TRAFFICKING,1,ORANG,2020
601,32,JAWA BARAT,3205,KABUPATEN GARUT,PENELANTARAN,0,ORANG,2020
602,32,JAWA BARAT,3205,KABUPATEN GARUT,LAINNYA,1,ORANG,2020
603,32,JAWA BARAT,3206,KABUPATEN TASIKMALAYA,FISIK,1,ORANG,2020
604,32,JAWA BARAT,3206,KABUPATEN TASIKMALAYA,PSIKIS,2,ORANG,2020
605,32,JAWA BARAT,3206,KABUPATEN TASIKMALAYA,SEKSUAL,27,ORANG,2020
606,32,JAWA BARAT,3206,KABUPATEN TASIKMALAYA,EKSPLOITASI,0,ORANG,2020
607,32,JAWA BARAT,3206,KABUPATEN TASIKMALAYA,TRAFFICKING,1,ORANG,2020
608,32,JAWA BARAT,3206,KABUPATEN TASIKMALAYA,PENELANTARAN,0,ORANG,2020
609,32,JAWA BARAT,3206,KABUPATEN TASIKMALAYA,LAINNYA,15,ORANG,2020
610,32,JAWA BARAT,3207,KABUPATEN CIAMIS,FISIK,4,ORANG,2020
611,32,JAWA BARAT,3207,KABUPATEN CIAMIS,PSIKIS,2,ORANG,2020
612,32,JAWA BARAT,3207,KABUPATEN CIAMIS,SEKSUAL,11,ORANG,2020
613,32,JAWA BARAT,3207,KABUPATEN CIAMIS,EKSPLOITASI,0,ORANG,2020
614,32,JAWA BARAT,3207,KABUPATEN CIAMIS,TRAFFICKING,0,ORANG,2020
615,32,JAWA BARAT,3207,KABUPATEN CIAMIS,PENELANTARAN,0,ORANG,2020
616,32,JAWA BARAT,3207,KABUPATEN CIAMIS,LAINNYA,2,ORANG,2020
617,32,JAWA BARAT,3208,KABUPATEN KUNINGAN,FISIK,0,ORANG,2020
618,32,JAWA BARAT,3208,KABUPATEN KUNINGAN,PSIKIS,0,ORANG,2020
619,32,JAWA BARAT,3208,KABUPATEN KUNINGAN,SEKSUAL,5,ORANG,2020
620,32,JAWA BARAT,3208,KABUPATEN KUNINGAN,EKSPLOITASI,0,ORANG,2020
621,32,JAWA BARAT,3208,KABUPATEN KUNINGAN,TRAFFICKING,0,ORANG,2020
622,32,JAWA BARAT,3208,KABUPATEN KUNINGAN,PENELANTARAN,0,ORANG,2020
623,32,JAWA BARAT,3208,KABUPATEN KUNINGAN,LAINNYA,1,ORANG,2020
624,32,JAWA BARAT,3209,KABUPATEN CIREBON,FISIK,15,ORANG,2020
625,32,JAWA BARAT,3209,KABUPATEN CIREBON,PSIKIS,11,ORANG,2020
626,32,JAWA BARAT,3209,KABUPATEN CIREBON,SEKSUAL,19,ORANG,2020
627,32,JAWA BARAT,3209,KABUPATEN CIREBON,EKSPLOITASI,0,ORANG,2020
628,32,JAWA BARAT,3209,KABUPATEN CIREBON,TRAFFICKING,1,ORANG,2020
629,32,JAWA BARAT,3209,KABUPATEN CIREBON,PENELANTARAN,1,ORANG,2020
630,32,JAWA BARAT,3209,KABUPATEN CIREBON,LAINNYA,4,ORANG,2020
631,32,JAWA BARAT,3210,KABUPATEN MAJALENGKA,FISIK,0,ORANG,2020
632,32,JAWA BARAT,3210,KABUPATEN MAJALENGKA,PSIKIS,0,ORANG,2020
633,32,JAWA BARAT,3210,KABUPATEN MAJALENGKA,SEKSUAL,1,ORANG,2020
634,32,JAWA BARAT,3210,KABUPATEN MAJALENGKA,EKSPLOITASI,0,ORANG,2020
635,32,JAWA BARAT,3210,KABUPATEN MAJALENGKA,TRAFFICKING,0,ORANG,2020
636,32,JAWA BARAT,3210,KABUPATEN MAJALENGKA,PENELANTARAN,0,ORANG,2020
637,32,JAWA BARAT,3210,KABUPATEN MAJALENGKA,LAINNYA,0,ORANG,2020
638,32,JAWA BARAT,3211,KABUPATEN SUMEDANG,FISIK,0,ORANG,2020
639,32,JAWA BARAT,3211,KABUPATEN SUMEDANG,PSIKIS,1,ORANG,2020
640,32,JAWA BARAT,3211,KABUPATEN SUMEDANG,SEKSUAL,0,ORANG,2020
641,32,JAWA BARAT,3211,KABUPATEN SUMEDANG,EKSPLOITASI,0,ORANG,2020
642,32,JAWA BARAT,3211,KABUPATEN SUMEDANG,TRAFFICKING,0,ORANG,2020
643,32,JAWA BARAT,3211,KABUPATEN SUMEDANG,PENELANTARAN,0,ORANG,2020
644,32,JAWA BARAT,3211,KABUPATEN SUMEDANG,LAINNYA,1,ORANG,2020
645,32,JAWA BARAT,3212,KABUPATEN INDRAMAYU,FISIK,0,ORANG,2020
646,32,JAWA BARAT,3212,KABUPATEN INDRAMAYU,PSIKIS,1,ORANG,2020
647,32,JAWA BARAT,3212,KABUPATEN INDRAMAYU,SEKSUAL,0,ORANG,2020
648,32,JAWA BARAT,3212,KABUPATEN INDRAMAYU,EKSPLOITASI,0,ORANG,2020
649,32,JAWA BARAT,3212,KABUPATEN INDRAMAYU,TRAFFICKING,0,ORANG,2020
650,32,JAWA BARAT,3212,KABUPATEN INDRAMAYU,PENELANTARAN,0,ORANG,2020
651,32,JAWA BARAT,3212,KABUPATEN INDRAMAYU,LAINNYA,1,ORANG,2020
652,32,JAWA BARAT,3213,KABUPATEN SUBANG,FISIK,6,ORANG,2020
653,32,JAWA BARAT,3213,KABUPATEN SUBANG,PSIKIS,4,ORANG,2020
654,32,JAWA BARAT,3213,KABUPATEN SUBANG,SEKSUAL,11,ORANG,2020
655,32,JAWA BARAT,3213,KABUPATEN SUBANG,EKSPLOITASI,0,ORANG,2020
656,32,JAWA BARAT,3213,KABUPATEN SUBANG,TRAFFICKING,2,ORANG,2020
657,32,JAWA BARAT,3213,KABUPATEN SUBANG,PENELANTARAN,0,ORANG,2020
658,32,JAWA BARAT,3213,KABUPATEN SUBANG,LAINNYA,0,ORANG,2020
659,32,JAWA BARAT,3214,KABUPATEN PURWAKARTA,FISIK,1,ORANG,2020
660,32,JAWA BARAT,3214,KABUPATEN PURWAKARTA,PSIKIS,1,ORANG,2020
661,32,JAWA BARAT,3214,KABUPATEN PURWAKARTA,SEKSUAL,0,ORANG,2020
662,32,JAWA BARAT,3214,KABUPATEN PURWAKARTA,EKSPLOITASI,0,ORANG,2020
663,32,JAWA BARAT,3214,KABUPATEN PURWAKARTA,TRAFFICKING,0,ORANG,2020
664,32,JAWA BARAT,3214,KABUPATEN PURWAKARTA,PENELANTARAN,0,ORANG,2020
665,32,JAWA BARAT,3214,KABUPATEN PURWAKARTA,LAINNYA,0,ORANG,2020
666,32,JAWA BARAT,3215,KABUPATEN KARAWANG,FISIK,0,ORANG,2020
667,32,JAWA BARAT,3215,KABUPATEN KARAWANG,PSIKIS,0,ORANG,2020
668,32,JAWA BARAT,3215,KABUPATEN KARAWANG,SEKSUAL,0,ORANG,2020
669,32,JAWA BARAT,3215,KABUPATEN KARAWANG,EKSPLOITASI,0,ORANG,2020
670,32,JAWA BARAT,3215,KABUPATEN KARAWANG,TRAFFICKING,0,ORANG,2020
671,32,JAWA BARAT,3215,KABUPATEN KARAWANG,PENELANTARAN,0,ORANG,2020
672,32,JAWA BARAT,3215,KABUPATEN KARAWANG,LAINNYA,0,ORANG,2020
673,32,JAWA BARAT,3216,KABUPATEN BEKASI,FISIK,2,ORANG,2020
674,32,JAWA BARAT,3216,KABUPATEN BEKASI,PSIKIS,0,ORANG,2020
675,32,JAWA BARAT,3216,KABUPATEN BEKASI,SEKSUAL,0,ORANG,2020
676,32,JAWA BARAT,3216,KABUPATEN BEKASI,EKSPLOITASI,0,ORANG,2020
677,32,JAWA BARAT,3216,KABUPATEN BEKASI,TRAFFICKING,0,ORANG,2020
678,32,JAWA BARAT,3216,KABUPATEN BEKASI,PENELANTARAN,0,ORANG,2020
679,32,JAWA BARAT,3216,KABUPATEN BEKASI,LAINNYA,1,ORANG,2020
680,32,JAWA BARAT,3217,KABUPATEN BANDUNG BARAT,FISIK,1,ORANG,2020
681,32,JAWA BARAT,3217,KABUPATEN BANDUNG BARAT,PSIKIS,2,ORANG,2020
682,32,JAWA BARAT,3217,KABUPATEN BANDUNG BARAT,SEKSUAL,3,ORANG,2020
683,32,JAWA BARAT,3217,KABUPATEN BANDUNG BARAT,EKSPLOITASI,0,ORANG,2020
684,32,JAWA BARAT,3217,KABUPATEN BANDUNG BARAT,TRAFFICKING,0,ORANG,2020
685,32,JAWA BARAT,3217,KABUPATEN BANDUNG BARAT,PENELANTARAN,0,ORANG,2020
686,32,JAWA BARAT,3217,KABUPATEN BANDUNG BARAT,LAINNYA,1,ORANG,2020
687,32,JAWA BARAT,3218,KABUPATEN PANGANDARAN,FISIK,1,ORANG,2020
688,32,JAWA BARAT,3218,KABUPATEN PANGANDARAN,PSIKIS,1,ORANG,2020
689,32,JAWA BARAT,3218,KABUPATEN PANGANDARAN,SEKSUAL,9,ORANG,2020
690,32,JAWA BARAT,3218,KABUPATEN PANGANDARAN,EKSPLOITASI,0,ORANG,2020
691,32,JAWA BARAT,3218,KABUPATEN PANGANDARAN,TRAFFICKING,0,ORANG,2020
692,32,JAWA BARAT,3218,KABUPATEN PANGANDARAN,PENELANTARAN,0,ORANG,2020
693,32,JAWA BARAT,3218,KABUPATEN PANGANDARAN,LAINNYA,1,ORANG,2020
694,32,JAWA BARAT,3271,KOTA BOGOR,FISIK,1,ORANG,2020
695,32,JAWA BARAT,3271,KOTA BOGOR,PSIKIS,0,ORANG,2020
696,32,JAWA BARAT,3271,KOTA BOGOR,SEKSUAL,1,ORANG,2020
697,32,JAWA BARAT,3271,KOTA BOGOR,EKSPLOITASI,0,ORANG,2020
698,32,JAWA BARAT,3271,KOTA BOGOR,TRAFFICKING,0,ORANG,2020
699,32,JAWA BARAT,3271,KOTA BOGOR,PENELANTARAN,0,ORANG,2020
700,32,JAWA BARAT,3271,KOTA BOGOR,LAINNYA,0,ORANG,2020
701,32,JAWA BARAT,3272,KOTA SUKABUMI,FISIK,0,ORANG,2020
702,32,JAWA BARAT,3272,KOTA SUKABUMI,PSIKIS,0,ORANG,2020
703,32,JAWA BARAT,3272,KOTA SUKABUMI,SEKSUAL,0,ORANG,2020
704,32,JAWA BARAT,3272,KOTA SUKABUMI,EKSPLOITASI,0,ORANG,2020
705,32,JAWA BARAT,3272,KOTA SUKABUMI,TRAFFICKING,0,ORANG,2020
706,32,JAWA BARAT,3272,KOTA SUKABUMI,PENELANTARAN,0,ORANG,2020
707,32,JAWA BARAT,3272,KOTA SUKABUMI,LAINNYA,0,ORANG,2020
708,32,JAWA BARAT,3273,KOTA BANDUNG,FISIK,45,ORANG,2020
709,32,JAWA BARAT,3273,KOTA BANDUNG,PSIKIS,92,ORANG,2020
710,32,JAWA BARAT,3273,KOTA BANDUNG,SEKSUAL,39,ORANG,2020
711,32,JAWA BARAT,3273,KOTA BANDUNG,EKSPLOITASI,1,ORANG,2020
712,32,JAWA BARAT,3273,KOTA BANDUNG,TRAFFICKING,0,ORANG,2020
713,32,JAWA BARAT,3273,KOTA BANDUNG,PENELANTARAN,23,ORANG,2020
714,32,JAWA BARAT,3273,KOTA BANDUNG,LAINNYA,54,ORANG,2020
715,32,JAWA BARAT,3274,KOTA CIREBON,FISIK,0,ORANG,2020
716,32,JAWA BARAT,3274,KOTA CIREBON,PSIKIS,0,ORANG,2020
717,32,JAWA BARAT,3274,KOTA CIREBON,SEKSUAL,0,ORANG,2020
718,32,JAWA BARAT,3274,KOTA CIREBON,EKSPLOITASI,0,ORANG,2020
719,32,JAWA BARAT,3274,KOTA CIREBON,TRAFFICKING,0,ORANG,2020
720,32,JAWA BARAT,3274,KOTA CIREBON,PENELANTARAN,0,ORANG,2020
721,32,JAWA BARAT,3274,KOTA CIREBON,LAINNYA,0,ORANG,2020
722,32,JAWA BARAT,3275,KOTA BEKASI,FISIK,2,ORANG,2020
723,32,JAWA BARAT,3275,KOTA BEKASI,PSIKIS,2,ORANG,2020
724,32,JAWA BARAT,3275,KOTA BEKASI,SEKSUAL,1,ORANG,2020
725,32,JAWA BARAT,3275,KOTA BEKASI,EKSPLOITASI,0,ORANG,2020
726,32,JAWA BARAT,3275,KOTA BEKASI,TRAFFICKING,0,ORANG,2020
727,32,JAWA BARAT,3275,KOTA BEKASI,PENELANTARAN,2,ORANG,2020
728,32,JAWA BARAT,3275,KOTA BEKASI,LAINNYA,3,ORANG,2020
729,32,JAWA BARAT,3276,KOTA DEPOK,FISIK,2,ORANG,2020
730,32,JAWA BARAT,3276,KOTA DEPOK,PSIKIS,3,ORANG,2020
731,32,JAWA BARAT,3276,KOTA DEPOK,SEKSUAL,4,ORANG,2020
732,32,JAWA BARAT,3276,KOTA DEPOK,EKSPLOITASI,0,ORANG,2020
733,32,JAWA BARAT,3276,KOTA DEPOK,TRAFFICKING,0,ORANG,2020
734,32,JAWA BARAT,3276,KOTA DEPOK,PENELANTARAN,0,ORANG,2020
735,32,JAWA BARAT,3276,KOTA DEPOK,LAINNYA,1,ORANG,2020
736,32,JAWA BARAT,3277,KOTA CIMAHI,FISIK,1,ORANG,2020
737,32,JAWA BARAT,3277,KOTA CIMAHI,PSIKIS,2,ORANG,2020
738,32,JAWA BARAT,3277,KOTA CIMAHI,SEKSUAL,0,ORANG,2020
739,32,JAWA BARAT,3277,KOTA CIMAHI,EKSPLOITASI,0,ORANG,2020
740,32,JAWA BARAT,3277,KOTA CIMAHI,TRAFFICKING,0,ORANG,2020
741,32,JAWA BARAT,3277,KOTA CIMAHI,PENELANTARAN,0,ORANG,2020
742,32,JAWA BARAT,3277,KOTA CIMAHI,LAINNYA,4,ORANG,2020
743,32,JAWA BARAT,3278,KOTA TASIKMALAYA,FISIK,1,ORANG,2020
744,32,JAWA BARAT,3278,KOTA TASIKMALAYA,PSIKIS,1,ORANG,2020
745,32,JAWA BARAT,3278,KOTA TASIKMALAYA,SEKSUAL,0,ORANG,2020
746,32,JAWA BARAT,3278,KOTA TASIKMALAYA,EKSPLOITASI,0,ORANG,2020
747,32,JAWA BARAT,3278,KOTA TASIKMALAYA,TRAFFICKING,0,ORANG,2020
748,32,JAWA BARAT,3278,KOTA TASIKMALAYA,PENELANTARAN,0,ORANG,2020
749,32,JAWA BARAT,3278,KOTA TASIKMALAYA,LAINNYA,0,ORANG,2020
750,32,JAWA BARAT,3279,KOTA BANJAR,FISIK,0,ORANG,2020
751,32,JAWA BARAT,3279,KOTA BANJAR,PSIKIS,0,ORANG,2020
752,32,JAWA BARAT,3279,KOTA BANJAR,SEKSUAL,0,ORANG,2020
753,32,JAWA BARAT,3279,KOTA BANJAR,EKSPLOITASI,0,ORANG,2020
754,32,JAWA BARAT,3279,KOTA BANJAR,TRAFFICKING,0,ORANG,2020
755,32,JAWA BARAT,3279,KOTA BANJAR,PENELANTARAN,1,ORANG,2020
756,32,JAWA BARAT,3279,KOTA BANJAR,LAINNYA,0,ORANG,2020
757,32,JAWA BARAT,3201,KABUPATEN BOGOR,FISIK,5,ORANG,2021
758,32,JAWA BARAT,3201,KABUPATEN BOGOR,PSIKIS,5,ORANG,2021
759,32,JAWA BARAT,3201,KABUPATEN BOGOR,SEKSUAL,4,ORANG,2021
760,32,JAWA BARAT,3201,KABUPATEN BOGOR,EKSPLOITASI,0,ORANG,2021
761,32,JAWA BARAT,3201,KABUPATEN BOGOR,TRAFFICKING,1,ORANG,2021
762,32,JAWA BARAT,3201,KABUPATEN BOGOR,PENELANTARAN,6,ORANG,2021
763,32,JAWA BARAT,3201,KABUPATEN BOGOR,LAINNYA,4,ORANG,2021
764,32,JAWA BARAT,3202,KABUPATEN SUKABUMI,FISIK,1,ORANG,2021
765,32,JAWA BARAT,3202,KABUPATEN SUKABUMI,PSIKIS,1,ORANG,2021
766,32,JAWA BARAT,3202,KABUPATEN SUKABUMI,SEKSUAL,0,ORANG,2021
767,32,JAWA BARAT,3202,KABUPATEN SUKABUMI,EKSPLOITASI,0,ORANG,2021
768,32,JAWA BARAT,3202,KABUPATEN SUKABUMI,TRAFFICKING,0,ORANG,2021
769,32,JAWA BARAT,3202,KABUPATEN SUKABUMI,PENELANTARAN,0,ORANG,2021
770,32,JAWA BARAT,3202,KABUPATEN SUKABUMI,LAINNYA,0,ORANG,2021
771,32,JAWA BARAT,3203,KABUPATEN CIANJUR,FISIK,0,ORANG,2021
772,32,JAWA BARAT,3203,KABUPATEN CIANJUR,PSIKIS,0,ORANG,2021
773,32,JAWA BARAT,3203,KABUPATEN CIANJUR,SEKSUAL,0,ORANG,2021
774,32,JAWA BARAT,3203,KABUPATEN CIANJUR,EKSPLOITASI,0,ORANG,2021
775,32,JAWA BARAT,3203,KABUPATEN CIANJUR,TRAFFICKING,0,ORANG,2021
776,32,JAWA BARAT,3203,KABUPATEN CIANJUR,PENELANTARAN,0,ORANG,2021
777,32,JAWA BARAT,3203,KABUPATEN CIANJUR,LAINNYA,1,ORANG,2021
778,32,JAWA BARAT,3204,KABUPATEN BANDUNG,FISIK,16,ORANG,2021
779,32,JAWA BARAT,3204,KABUPATEN BANDUNG,PSIKIS,16,ORANG,2021
780,32,JAWA BARAT,3204,KABUPATEN BANDUNG,SEKSUAL,5,ORANG,2021
781,32,JAWA BARAT,3204,KABUPATEN BANDUNG,EKSPLOITASI,0,ORANG,2021
782,32,JAWA BARAT,3204,KABUPATEN BANDUNG,TRAFFICKING,1,ORANG,2021
783,32,JAWA BARAT,3204,KABUPATEN BANDUNG,PENELANTARAN,8,ORANG,2021
784,32,JAWA BARAT,3204,KABUPATEN BANDUNG,LAINNYA,8,ORANG,2021
785,32,JAWA BARAT,3205,KABUPATEN GARUT,FISIK,7,ORANG,2021
786,32,JAWA BARAT,3205,KABUPATEN GARUT,PSIKIS,19,ORANG,2021
787,32,JAWA BARAT,3205,KABUPATEN GARUT,SEKSUAL,19,ORANG,2021
788,32,JAWA BARAT,3205,KABUPATEN GARUT,EKSPLOITASI,12,ORANG,2021
789,32,JAWA BARAT,3205,KABUPATEN GARUT,TRAFFICKING,2,ORANG,2021
790,32,JAWA BARAT,3205,KABUPATEN GARUT,PENELANTARAN,1,ORANG,2021
791,32,JAWA BARAT,3205,KABUPATEN GARUT,LAINNYA,3,ORANG,2021
792,32,JAWA BARAT,3206,KABUPATEN TASIKMALAYA,FISIK,14,ORANG,2021
793,32,JAWA BARAT,3206,KABUPATEN TASIKMALAYA,PSIKIS,5,ORANG,2021
794,32,JAWA BARAT,3206,KABUPATEN TASIKMALAYA,SEKSUAL,54,ORANG,2021
795,32,JAWA BARAT,3206,KABUPATEN TASIKMALAYA,EKSPLOITASI,1,ORANG,2021
796,32,JAWA BARAT,3206,KABUPATEN TASIKMALAYA,TRAFFICKING,2,ORANG,2021
797,32,JAWA BARAT,3206,KABUPATEN TASIKMALAYA,PENELANTARAN,5,ORANG,2021
798,32,JAWA BARAT,3206,KABUPATEN TASIKMALAYA,LAINNYA,23,ORANG,2021
799,32,JAWA BARAT,3207,KABUPATEN CIAMIS,FISIK,1,ORANG,2021
800,32,JAWA BARAT,3207,KABUPATEN CIAMIS,PSIKIS,0,ORANG,2021
801,32,JAWA BARAT,3207,KABUPATEN CIAMIS,SEKSUAL,11,ORANG,2021
802,32,JAWA BARAT,3207,KABUPATEN CIAMIS,EKSPLOITASI,0,ORANG,2021
803,32,JAWA BARAT,3207,KABUPATEN CIAMIS,TRAFFICKING,0,ORANG,2021
804,32,JAWA BARAT,3207,KABUPATEN CIAMIS,PENELANTARAN,0,ORANG,2021
805,32,JAWA BARAT,3207,KABUPATEN CIAMIS,LAINNYA,1,ORANG,2021
806,32,JAWA BARAT,3208,KABUPATEN KUNINGAN,FISIK,6,ORANG,2021
807,32,JAWA BARAT,3208,KABUPATEN KUNINGAN,PSIKIS,5,ORANG,2021
808,32,JAWA BARAT,3208,KABUPATEN KUNINGAN,SEKSUAL,4,ORANG,2021
809,32,JAWA BARAT,3208,KABUPATEN KUNINGAN,EKSPLOITASI,0,ORANG,2021
810,32,JAWA BARAT,3208,KABUPATEN KUNINGAN,TRAFFICKING,1,ORANG,2021
811,32,JAWA BARAT,3208,KABUPATEN KUNINGAN,PENELANTARAN,1,ORANG,2021
812,32,JAWA BARAT,3208,KABUPATEN KUNINGAN,LAINNYA,3,ORANG,2021
813,32,JAWA BARAT,3209,KABUPATEN CIREBON,FISIK,23,ORANG,2021
814,32,JAWA BARAT,3209,KABUPATEN CIREBON,PSIKIS,47,ORANG,2021
815,32,JAWA BARAT,3209,KABUPATEN CIREBON,SEKSUAL,41,ORANG,2021
816,32,JAWA BARAT,3209,KABUPATEN CIREBON,EKSPLOITASI,4,ORANG,2021
817,32,JAWA BARAT,3209,KABUPATEN CIREBON,TRAFFICKING,8,ORANG,2021
818,32,JAWA BARAT,3209,KABUPATEN CIREBON,PENELANTARAN,29,ORANG,2021
819,32,JAWA BARAT,3209,KABUPATEN CIREBON,LAINNYA,7,ORANG,2021
820,32,JAWA BARAT,3210,KABUPATEN MAJALENGKA,FISIK,0,ORANG,2021
821,32,JAWA BARAT,3210,KABUPATEN MAJALENGKA,PSIKIS,0,ORANG,2021
822,32,JAWA BARAT,3210,KABUPATEN MAJALENGKA,SEKSUAL,0,ORANG,2021
823,32,JAWA BARAT,3210,KABUPATEN MAJALENGKA,EKSPLOITASI,0,ORANG,2021
824,32,JAWA BARAT,3210,KABUPATEN MAJALENGKA,TRAFFICKING,4,ORANG,2021
825,32,JAWA BARAT,3210,KABUPATEN MAJALENGKA,PENELANTARAN,0,ORANG,2021
826,32,JAWA BARAT,3210,KABUPATEN MAJALENGKA,LAINNYA,1,ORANG,2021
827,32,JAWA BARAT,3211,KABUPATEN SUMEDANG,FISIK,1,ORANG,2021
828,32,JAWA BARAT,3211,KABUPATEN SUMEDANG,PSIKIS,1,ORANG,2021
829,32,JAWA BARAT,3211,KABUPATEN SUMEDANG,SEKSUAL,0,ORANG,2021
830,32,JAWA BARAT,3211,KABUPATEN SUMEDANG,EKSPLOITASI,0,ORANG,2021
831,32,JAWA BARAT,3211,KABUPATEN SUMEDANG,TRAFFICKING,0,ORANG,2021
832,32,JAWA BARAT,3211,KABUPATEN SUMEDANG,PENELANTARAN,1,ORANG,2021
833,32,JAWA BARAT,3211,KABUPATEN SUMEDANG,LAINNYA,2,ORANG,2021
834,32,JAWA BARAT,3212,KABUPATEN INDRAMAYU,FISIK,5,ORANG,2021
835,32,JAWA BARAT,3212,KABUPATEN INDRAMAYU,PSIKIS,6,ORANG,2021
836,32,JAWA BARAT,3212,KABUPATEN INDRAMAYU,SEKSUAL,3,ORANG,2021
837,32,JAWA BARAT,3212,KABUPATEN INDRAMAYU,EKSPLOITASI,0,ORANG,2021
838,32,JAWA BARAT,3212,KABUPATEN INDRAMAYU,TRAFFICKING,7,ORANG,2021
839,32,JAWA BARAT,3212,KABUPATEN INDRAMAYU,PENELANTARAN,1,ORANG,2021
840,32,JAWA BARAT,3212,KABUPATEN INDRAMAYU,LAINNYA,0,ORANG,2021
841,32,JAWA BARAT,3213,KABUPATEN SUBANG,FISIK,1,ORANG,2021
842,32,JAWA BARAT,3213,KABUPATEN SUBANG,PSIKIS,1,ORANG,2021
843,32,JAWA BARAT,3213,KABUPATEN SUBANG,SEKSUAL,0,ORANG,2021
844,32,JAWA BARAT,3213,KABUPATEN SUBANG,EKSPLOITASI,0,ORANG,2021
845,32,JAWA BARAT,3213,KABUPATEN SUBANG,TRAFFICKING,3,ORANG,2021
846,32,JAWA BARAT,3213,KABUPATEN SUBANG,PENELANTARAN,0,ORANG,2021
847,32,JAWA BARAT,3213,KABUPATEN SUBANG,LAINNYA,1,ORANG,2021
848,32,JAWA BARAT,3214,KABUPATEN PURWAKARTA,FISIK,1,ORANG,2021
849,32,JAWA BARAT,3214,KABUPATEN PURWAKARTA,PSIKIS,1,ORANG,2021
850,32,JAWA BARAT,3214,KABUPATEN PURWAKARTA,SEKSUAL,0,ORANG,2021
851,32,JAWA BARAT,3214,KABUPATEN PURWAKARTA,EKSPLOITASI,0,ORANG,2021
852,32,JAWA BARAT,3214,KABUPATEN PURWAKARTA,TRAFFICKING,1,ORANG,2021
853,32,JAWA BARAT,3214,KABUPATEN PURWAKARTA,PENELANTARAN,0,ORANG,2021
854,32,JAWA BARAT,3214,KABUPATEN PURWAKARTA,LAINNYA,0,ORANG,2021
855,32,JAWA BARAT,3215,KABUPATEN KARAWANG,FISIK,2,ORANG,2021
856,32,JAWA BARAT,3215,KABUPATEN KARAWANG,PSIKIS,3,ORANG,2021
857,32,JAWA BARAT,3215,KABUPATEN KARAWANG,SEKSUAL,1,ORANG,2021
858,32,JAWA BARAT,3215,KABUPATEN KARAWANG,EKSPLOITASI,0,ORANG,2021
859,32,JAWA BARAT,3215,KABUPATEN KARAWANG,TRAFFICKING,1,ORANG,2021
860,32,JAWA BARAT,3215,KABUPATEN KARAWANG,PENELANTARAN,0,ORANG,2021
861,32,JAWA BARAT,3215,KABUPATEN KARAWANG,LAINNYA,0,ORANG,2021
862,32,JAWA BARAT,3216,KABUPATEN BEKASI,FISIK,4,ORANG,2021
863,32,JAWA BARAT,3216,KABUPATEN BEKASI,PSIKIS,5,ORANG,2021
864,32,JAWA BARAT,3216,KABUPATEN BEKASI,SEKSUAL,2,ORANG,2021
865,32,JAWA BARAT,3216,KABUPATEN BEKASI,EKSPLOITASI,0,ORANG,2021
866,32,JAWA BARAT,3216,KABUPATEN BEKASI,TRAFFICKING,0,ORANG,2021
867,32,JAWA BARAT,3216,KABUPATEN BEKASI,PENELANTARAN,0,ORANG,2021
868,32,JAWA BARAT,3216,KABUPATEN BEKASI,LAINNYA,2,ORANG,2021
869,32,JAWA BARAT,3217,KABUPATEN BANDUNG BARAT,FISIK,8,ORANG,2021
870,32,JAWA BARAT,3217,KABUPATEN BANDUNG BARAT,PSIKIS,10,ORANG,2021
871,32,JAWA BARAT,3217,KABUPATEN BANDUNG BARAT,SEKSUAL,2,ORANG,2021
872,32,JAWA BARAT,3217,KABUPATEN BANDUNG BARAT,EKSPLOITASI,1,ORANG,2021
873,32,JAWA BARAT,3217,KABUPATEN BANDUNG BARAT,TRAFFICKING,0,ORANG,2021
874,32,JAWA BARAT,3217,KABUPATEN BANDUNG BARAT,PENELANTARAN,4,ORANG,2021
875,32,JAWA BARAT,3217,KABUPATEN BANDUNG BARAT,LAINNYA,1,ORANG,2021
876,32,JAWA BARAT,3218,KABUPATEN PANGANDARAN,FISIK,3,ORANG,2021
877,32,JAWA BARAT,3218,KABUPATEN PANGANDARAN,PSIKIS,0,ORANG,2021
878,32,JAWA BARAT,3218,KABUPATEN PANGANDARAN,SEKSUAL,0,ORANG,2021
879,32,JAWA BARAT,3218,KABUPATEN PANGANDARAN,EKSPLOITASI,0,ORANG,2021
880,32,JAWA BARAT,3218,KABUPATEN PANGANDARAN,TRAFFICKING,0,ORANG,2021
881,32,JAWA BARAT,3218,KABUPATEN PANGANDARAN,PENELANTARAN,0,ORANG,2021
882,32,JAWA BARAT,3218,KABUPATEN PANGANDARAN,LAINNYA,1,ORANG,2021
883,32,JAWA BARAT,3271,KOTA BOGOR,FISIK,0,ORANG,2021
884,32,JAWA BARAT,3271,KOTA BOGOR,PSIKIS,0,ORANG,2021
885,32,JAWA BARAT,3271,KOTA BOGOR,SEKSUAL,0,ORANG,2021
886,32,JAWA BARAT,3271,KOTA BOGOR,EKSPLOITASI,0,ORANG,2021
887,32,JAWA BARAT,3271,KOTA BOGOR,TRAFFICKING,0,ORANG,2021
888,32,JAWA BARAT,3271,KOTA BOGOR,PENELANTARAN,0,ORANG,2021
889,32,JAWA BARAT,3271,KOTA BOGOR,LAINNYA,0,ORANG,2021
890,32,JAWA BARAT,3272,KOTA SUKABUMI,FISIK,0,ORANG,2021
891,32,JAWA BARAT,3272,KOTA SUKABUMI,PSIKIS,1,ORANG,2021
892,32,JAWA BARAT,3272,KOTA SUKABUMI,SEKSUAL,0,ORANG,2021
893,32,JAWA BARAT,3272,KOTA SUKABUMI,EKSPLOITASI,0,ORANG,2021
894,32,JAWA BARAT,3272,KOTA SUKABUMI,TRAFFICKING,0,ORANG,2021
895,32,JAWA BARAT,3272,KOTA SUKABUMI,PENELANTARAN,0,ORANG,2021
896,32,JAWA BARAT,3272,KOTA SUKABUMI,LAINNYA,2,ORANG,2021
897,32,JAWA BARAT,3273,KOTA BANDUNG,FISIK,65,ORANG,2021
898,32,JAWA BARAT,3273,KOTA BANDUNG,PSIKIS,119,ORANG,2021
899,32,JAWA BARAT,3273,KOTA BANDUNG,SEKSUAL,71,ORANG,2021
900,32,JAWA BARAT,3273,KOTA BANDUNG,EKSPLOITASI,7,ORANG,2021
901,32,JAWA BARAT,3273,KOTA BANDUNG,TRAFFICKING,6,ORANG,2021
902,32,JAWA BARAT,3273,KOTA BANDUNG,PENELANTARAN,27,ORANG,2021
903,32,JAWA BARAT,3273,KOTA BANDUNG,LAINNYA,30,ORANG,2021
904,32,JAWA BARAT,3274,KOTA CIREBON,FISIK,3,ORANG,2021
905,32,JAWA BARAT,3274,KOTA CIREBON,PSIKIS,7,ORANG,2021
906,32,JAWA BARAT,3274,KOTA CIREBON,SEKSUAL,2,ORANG,2021
907,32,JAWA BARAT,3274,KOTA CIREBON,EKSPLOITASI,0,ORANG,2021
908,32,JAWA BARAT,3274,KOTA CIREBON,TRAFFICKING,0,ORANG,2021
909,32,JAWA BARAT,3274,KOTA CIREBON,PENELANTARAN,3,ORANG,2021
910,32,JAWA BARAT,3274,KOTA CIREBON,LAINNYA,2,ORANG,2021
911,32,JAWA BARAT,3275,KOTA BEKASI,FISIK,7,ORANG,2021
912,32,JAWA BARAT,3275,KOTA BEKASI,PSIKIS,8,ORANG,2021
913,32,JAWA BARAT,3275,KOTA BEKASI,SEKSUAL,1,ORANG,2021
914,32,JAWA BARAT,3275,KOTA BEKASI,EKSPLOITASI,0,ORANG,2021
915,32,JAWA BARAT,3275,KOTA BEKASI,TRAFFICKING,4,ORANG,2021
916,32,JAWA BARAT,3275,KOTA BEKASI,PENELANTARAN,2,ORANG,2021
917,32,JAWA BARAT,3275,KOTA BEKASI,LAINNYA,0,ORANG,2021
918,32,JAWA BARAT,3276,KOTA DEPOK,FISIK,3,ORANG,2021
919,32,JAWA BARAT,3276,KOTA DEPOK,PSIKIS,1,ORANG,2021
920,32,JAWA BARAT,3276,KOTA DEPOK,SEKSUAL,2,ORANG,2021
921,32,JAWA BARAT,3276,KOTA DEPOK,EKSPLOITASI,1,ORANG,2021
922,32,JAWA BARAT,3276,KOTA DEPOK,TRAFFICKING,0,ORANG,2021
923,32,JAWA BARAT,3276,KOTA DEPOK,PENELANTARAN,0,ORANG,2021
924,32,JAWA BARAT,3276,KOTA DEPOK,LAINNYA,0,ORANG,2021
925,32,JAWA BARAT,3277,KOTA CIMAHI,FISIK,1,ORANG,2021
926,32,JAWA BARAT,3277,KOTA CIMAHI,PSIKIS,4,ORANG,2021
927,32,JAWA BARAT,3277,KOTA CIMAHI,SEKSUAL,1,ORANG,2021
928,32,JAWA BARAT,3277,KOTA CIMAHI,EKSPLOITASI,2,ORANG,2021
929,32,JAWA BARAT,3277,KOTA CIMAHI,TRAFFICKING,0,ORANG,2021
930,32,JAWA BARAT,3277,KOTA CIMAHI,PENELANTARAN,1,ORANG,2021
931,32,JAWA BARAT,3277,KOTA CIMAHI,LAINNYA,1,ORANG,2021
932,32,JAWA BARAT,3278,KOTA TASIKMALAYA,FISIK,1,ORANG,2021
933,32,JAWA BARAT,3278,KOTA TASIKMALAYA,PSIKIS,0,ORANG,2021
934,32,JAWA BARAT,3278,KOTA TASIKMALAYA,SEKSUAL,1,ORANG,2021
935,32,JAWA BARAT,3278,KOTA TASIKMALAYA,EKSPLOITASI,0,ORANG,2021
936,32,JAWA BARAT,3278,KOTA TASIKMALAYA,TRAFFICKING,0,ORANG,2021
937,32,JAWA BARAT,3278,KOTA TASIKMALAYA,PENELANTARAN,0,ORANG,2021
938,32,JAWA BARAT,3278,KOTA TASIKMALAYA,LAINNYA,0,ORANG,2021
939,32,JAWA BARAT,3279,KOTA BANJAR,FISIK,0,ORANG,2021
940,32,JAWA BARAT,3279,KOTA BANJAR,PSIKIS,0,ORANG,2021
941,32,JAWA BARAT,3279,KOTA BANJAR,SEKSUAL,2,ORANG,2021
942,32,JAWA BARAT,3279,KOTA BANJAR,EKSPLOITASI,0,ORANG,2021
943,32,JAWA BARAT,3279,KOTA BANJAR,TRAFFICKING,0,ORANG,2021
944,32,JAWA BARAT,3279,KOTA BANJAR,PENELANTARAN,0,ORANG,2021
945,32,JAWA BARAT,3279,KOTA BANJAR,LAINNYA,0,ORANG,2021
946,32,JAWA BARAT,3201,KABUPATEN BOGOR,FISIK,18,ORANG,2022
947,32,JAWA BARAT,3201,KABUPATEN BOGOR,PSIKIS,21,ORANG,2022
948,32,JAWA BARAT,3201,KABUPATEN BOGOR,SEKSUAL,32,ORANG,2022
949,32,JAWA BARAT,3201,KABUPATEN BOGOR,EKSPLOITASI,0,ORANG,2022
950,32,JAWA BARAT,3201,KABUPATEN BOGOR,TRAFFICKING,2,ORANG,2022
951,32,JAWA BARAT,3201,KABUPATEN BOGOR,PENELANTARAN,2,ORANG,2022
952,32,JAWA BARAT,3201,KABUPATEN BOGOR,LAINNYA,7,ORANG,2022
953,32,JAWA BARAT,3202,KABUPATEN SUKABUMI,FISIK,19,ORANG,2022
954,32,JAWA BARAT,3202,KABUPATEN SUKABUMI,PSIKIS,10,ORANG,2022
955,32,JAWA BARAT,3202,KABUPATEN SUKABUMI,SEKSUAL,50,ORANG,2022
956,32,JAWA BARAT,3202,KABUPATEN SUKABUMI,EKSPLOITASI,1,ORANG,2022
957,32,JAWA BARAT,3202,KABUPATEN SUKABUMI,TRAFFICKING,14,ORANG,2022
958,32,JAWA BARAT,3202,KABUPATEN SUKABUMI,PENELANTARAN,2,ORANG,2022
959,32,JAWA BARAT,3202,KABUPATEN SUKABUMI,LAINNYA,21,ORANG,2022
960,32,JAWA BARAT,3203,KABUPATEN CIANJUR,FISIK,16,ORANG,2022
961,32,JAWA BARAT,3203,KABUPATEN CIANJUR,PSIKIS,72,ORANG,2022
962,32,JAWA BARAT,3203,KABUPATEN CIANJUR,SEKSUAL,45,ORANG,2022
963,32,JAWA BARAT,3203,KABUPATEN CIANJUR,EKSPLOITASI,2,ORANG,2022
964,32,JAWA BARAT,3203,KABUPATEN CIANJUR,TRAFFICKING,4,ORANG,2022
965,32,JAWA BARAT,3203,KABUPATEN CIANJUR,PENELANTARAN,3,ORANG,2022
966,32,JAWA BARAT,3203,KABUPATEN CIANJUR,LAINNYA,5,ORANG,2022
967,32,JAWA BARAT,3204,KABUPATEN BANDUNG,FISIK,14,ORANG,2022
968,32,JAWA BARAT,3204,KABUPATEN BANDUNG,PSIKIS,18,ORANG,2022
969,32,JAWA BARAT,3204,KABUPATEN BANDUNG,SEKSUAL,31,ORANG,2022
970,32,JAWA BARAT,3204,KABUPATEN BANDUNG,EKSPLOITASI,0,ORANG,2022
971,32,JAWA BARAT,3204,KABUPATEN BANDUNG,TRAFFICKING,1,ORANG,2022
972,32,JAWA BARAT,3204,KABUPATEN BANDUNG,PENELANTARAN,4,ORANG,2022
973,32,JAWA BARAT,3204,KABUPATEN BANDUNG,LAINNYA,4,ORANG,2022
974,32,JAWA BARAT,3205,KABUPATEN GARUT,FISIK,7,ORANG,2022
975,32,JAWA BARAT,3205,KABUPATEN GARUT,PSIKIS,9,ORANG,2022
976,32,JAWA BARAT,3205,KABUPATEN GARUT,SEKSUAL,47,ORANG,2022
977,32,JAWA BARAT,3205,KABUPATEN GARUT,EKSPLOITASI,0,ORANG,2022
978,32,JAWA BARAT,3205,KABUPATEN GARUT,TRAFFICKING,0,ORANG,2022
979,32,JAWA BARAT,3205,KABUPATEN GARUT,PENELANTARAN,1,ORANG,2022
980,32,JAWA BARAT,3205,KABUPATEN GARUT,LAINNYA,9,ORANG,2022
981,32,JAWA BARAT,3206,KABUPATEN TASIKMALAYA,FISIK,20,ORANG,2022
982,32,JAWA BARAT,3206,KABUPATEN TASIKMALAYA,PSIKIS,10,ORANG,2022
983,32,JAWA BARAT,3206,KABUPATEN TASIKMALAYA,SEKSUAL,53,ORANG,2022
984,32,JAWA BARAT,3206,KABUPATEN TASIKMALAYA,EKSPLOITASI,0,ORANG,2022
985,32,JAWA BARAT,3206,KABUPATEN TASIKMALAYA,TRAFFICKING,1,ORANG,2022
986,32,JAWA BARAT,3206,KABUPATEN TASIKMALAYA,PENELANTARAN,4,ORANG,2022
987,32,JAWA BARAT,3206,KABUPATEN TASIKMALAYA,LAINNYA,17,ORANG,2022
988,32,JAWA BARAT,3207,KABUPATEN CIAMIS,FISIK,0,ORANG,2022
989,32,JAWA BARAT,3207,KABUPATEN CIAMIS,PSIKIS,0,ORANG,2022
990,32,JAWA BARAT,3207,KABUPATEN CIAMIS,SEKSUAL,6,ORANG,2022
991,32,JAWA BARAT,3207,KABUPATEN CIAMIS,EKSPLOITASI,0,ORANG,2022
992,32,JAWA BARAT,3207,KABUPATEN CIAMIS,TRAFFICKING,0,ORANG,2022
993,32,JAWA BARAT,3207,KABUPATEN CIAMIS,PENELANTARAN,0,ORANG,2022
994,32,JAWA BARAT,3207,KABUPATEN CIAMIS,LAINNYA,0,ORANG,2022
995,32,JAWA BARAT,3208,KABUPATEN KUNINGAN,FISIK,11,ORANG,2022
996,32,JAWA BARAT,3208,KABUPATEN KUNINGAN,PSIKIS,18,ORANG,2022
997,32,JAWA BARAT,3208,KABUPATEN KUNINGAN,SEKSUAL,27,ORANG,2022
998,32,JAWA BARAT,3208,KABUPATEN KUNINGAN,EKSPLOITASI,0,ORANG,2022
999,32,JAWA BARAT,3208,KABUPATEN KUNINGAN,TRAFFICKING,0,ORANG,2022
1000,32,JAWA BARAT,3208,KABUPATEN KUNINGAN,PENELANTARAN,1,ORANG,2022
1001,32,JAWA BARAT,3208,KABUPATEN KUNINGAN,LAINNYA,3,ORANG,2022
1002,32,JAWA BARAT,3209,KABUPATEN CIREBON,FISIK,7,ORANG,2022
1003,32,JAWA BARAT,3209,KABUPATEN CIREBON,PSIKIS,6,ORANG,2022
1004,32,JAWA BARAT,3209,KABUPATEN CIREBON,SEKSUAL,39,ORANG,2022
1005,32,JAWA BARAT,3209,KABUPATEN CIREBON,EKSPLOITASI,1,ORANG,2022
1006,32,JAWA BARAT,3209,KABUPATEN CIREBON,TRAFFICKING,0,ORANG,2022
1007,32,JAWA BARAT,3209,KABUPATEN CIREBON,PENELANTARAN,2,ORANG,2022
1008,32,JAWA BARAT,3209,KABUPATEN CIREBON,LAINNYA,3,ORANG,2022
1009,32,JAWA BARAT,3210,KABUPATEN MAJALENGKA,FISIK,6,ORANG,2022
1010,32,JAWA BARAT,3210,KABUPATEN MAJALENGKA,PSIKIS,1,ORANG,2022
1011,32,JAWA BARAT,3210,KABUPATEN MAJALENGKA,SEKSUAL,9,ORANG,2022
1012,32,JAWA BARAT,3210,KABUPATEN MAJALENGKA,EKSPLOITASI,0,ORANG,2022
1013,32,JAWA BARAT,3210,KABUPATEN MAJALENGKA,TRAFFICKING,0,ORANG,2022
1014,32,JAWA BARAT,3210,KABUPATEN MAJALENGKA,PENELANTARAN,0,ORANG,2022
1015,32,JAWA BARAT,3210,KABUPATEN MAJALENGKA,LAINNYA,1,ORANG,2022
1016,32,JAWA BARAT,3211,KABUPATEN SUMEDANG,FISIK,19,ORANG,2022
1017,32,JAWA BARAT,3211,KABUPATEN SUMEDANG,PSIKIS,0,ORANG,2022
1018,32,JAWA BARAT,3211,KABUPATEN SUMEDANG,SEKSUAL,21,ORANG,2022
1019,32,JAWA BARAT,3211,KABUPATEN SUMEDANG,EKSPLOITASI,0,ORANG,2022
1020,32,JAWA BARAT,3211,KABUPATEN SUMEDANG,TRAFFICKING,1,ORANG,2022
1021,32,JAWA BARAT,3211,KABUPATEN SUMEDANG,PENELANTARAN,0,ORANG,2022
1022,32,JAWA BARAT,3211,KABUPATEN SUMEDANG,LAINNYA,3,ORANG,2022
1023,32,JAWA BARAT,3212,KABUPATEN INDRAMAYU,FISIK,7,ORANG,2022
1024,32,JAWA BARAT,3212,KABUPATEN INDRAMAYU,PSIKIS,2,ORANG,2022
1025,32,JAWA BARAT,3212,KABUPATEN INDRAMAYU,SEKSUAL,12,ORANG,2022
1026,32,JAWA BARAT,3212,KABUPATEN INDRAMAYU,EKSPLOITASI,3,ORANG,2022
1027,32,JAWA BARAT,3212,KABUPATEN INDRAMAYU,TRAFFICKING,0,ORANG,2022
1028,32,JAWA BARAT,3212,KABUPATEN INDRAMAYU,PENELANTARAN,0,ORANG,2022
1029,32,JAWA BARAT,3212,KABUPATEN INDRAMAYU,LAINNYA,2,ORANG,2022
1030,32,JAWA BARAT,3213,KABUPATEN SUBANG,FISIK,4,ORANG,2022
1031,32,JAWA BARAT,3213,KABUPATEN SUBANG,PSIKIS,3,ORANG,2022
1032,32,JAWA BARAT,3213,KABUPATEN SUBANG,SEKSUAL,5,ORANG,2022
1033,32,JAWA BARAT,3213,KABUPATEN SUBANG,EKSPLOITASI,0,ORANG,2022
1034,32,JAWA BARAT,3213,KABUPATEN SUBANG,TRAFFICKING,0,ORANG,2022
1035,32,JAWA BARAT,3213,KABUPATEN SUBANG,PENELANTARAN,0,ORANG,2022
1036,32,JAWA BARAT,3213,KABUPATEN SUBANG,LAINNYA,0,ORANG,2022
1037,32,JAWA BARAT,3214,KABUPATEN PURWAKARTA,FISIK,5,ORANG,2022
1038,32,JAWA BARAT,3214,KABUPATEN PURWAKARTA,PSIKIS,12,ORANG,2022
1039,32,JAWA BARAT,3214,KABUPATEN PURWAKARTA,SEKSUAL,13,ORANG,2022
1040,32,JAWA BARAT,3214,KABUPATEN PURWAKARTA,EKSPLOITASI,0,ORANG,2022
1041,32,JAWA BARAT,3214,KABUPATEN PURWAKARTA,TRAFFICKING,0,ORANG,2022
1042,32,JAWA BARAT,3214,KABUPATEN PURWAKARTA,PENELANTARAN,0,ORANG,2022
1043,32,JAWA BARAT,3214,KABUPATEN PURWAKARTA,LAINNYA,0,ORANG,2022
1044,32,JAWA BARAT,3215,KABUPATEN KARAWANG,FISIK,14,ORANG,2022
1045,32,JAWA BARAT,3215,KABUPATEN KARAWANG,PSIKIS,8,ORANG,2022
1046,32,JAWA BARAT,3215,KABUPATEN KARAWANG,SEKSUAL,18,ORANG,2022
1047,32,JAWA BARAT,3215,KABUPATEN KARAWANG,EKSPLOITASI,0,ORANG,2022
1048,32,JAWA BARAT,3215,KABUPATEN KARAWANG,TRAFFICKING,0,ORANG,2022
1049,32,JAWA BARAT,3215,KABUPATEN KARAWANG,PENELANTARAN,4,ORANG,2022
1050,32,JAWA BARAT,3215,KABUPATEN KARAWANG,LAINNYA,11,ORANG,2022
1051,32,JAWA BARAT,3216,KABUPATEN BEKASI,FISIK,66,ORANG,2022
1052,32,JAWA BARAT,3216,KABUPATEN BEKASI,PSIKIS,66,ORANG,2022
1053,32,JAWA BARAT,3216,KABUPATEN BEKASI,SEKSUAL,68,ORANG,2022
1054,32,JAWA BARAT,3216,KABUPATEN BEKASI,EKSPLOITASI,13,ORANG,2022
1055,32,JAWA BARAT,3216,KABUPATEN BEKASI,TRAFFICKING,2,ORANG,2022
1056,32,JAWA BARAT,3216,KABUPATEN BEKASI,PENELANTARAN,11,ORANG,2022
1057,32,JAWA BARAT,3216,KABUPATEN BEKASI,LAINNYA,130,ORANG,2022
1058,32,JAWA BARAT,3217,KABUPATEN BANDUNG BARAT,FISIK,13,ORANG,2022
1059,32,JAWA BARAT,3217,KABUPATEN BANDUNG BARAT,PSIKIS,6,ORANG,2022
1060,32,JAWA BARAT,3217,KABUPATEN BANDUNG BARAT,SEKSUAL,16,ORANG,2022
1061,32,JAWA BARAT,3217,KABUPATEN BANDUNG BARAT,EKSPLOITASI,0,ORANG,2022
1062,32,JAWA BARAT,3217,KABUPATEN BANDUNG BARAT,TRAFFICKING,0,ORANG,2022
1063,32,JAWA BARAT,3217,KABUPATEN BANDUNG BARAT,PENELANTARAN,2,ORANG,2022
1064,32,JAWA BARAT,3217,KABUPATEN BANDUNG BARAT,LAINNYA,4,ORANG,2022
1065,32,JAWA BARAT,3218,KABUPATEN PANGANDARAN,FISIK,4,ORANG,2022
1066,32,JAWA BARAT,3218,KABUPATEN PANGANDARAN,PSIKIS,1,ORANG,2022
1067,32,JAWA BARAT,3218,KABUPATEN PANGANDARAN,SEKSUAL,6,ORANG,2022
1068,32,JAWA BARAT,3218,KABUPATEN PANGANDARAN,EKSPLOITASI,0,ORANG,2022
1069,32,JAWA BARAT,3218,KABUPATEN PANGANDARAN,TRAFFICKING,1,ORANG,2022
1070,32,JAWA BARAT,3218,KABUPATEN PANGANDARAN,PENELANTARAN,7,ORANG,2022
1071,32,JAWA BARAT,3218,KABUPATEN PANGANDARAN,LAINNYA,4,ORANG,2022
1072,32,JAWA BARAT,3271,KOTA BOGOR,FISIK,3,ORANG,2022
1073,32,JAWA BARAT,3271,KOTA BOGOR,PSIKIS,21,ORANG,2022
1074,32,JAWA BARAT,3271,KOTA BOGOR,SEKSUAL,22,ORANG,2022
1075,32,JAWA BARAT,3271,KOTA BOGOR,EKSPLOITASI,0,ORANG,2022
1076,32,JAWA BARAT,3271,KOTA BOGOR,TRAFFICKING,0,ORANG,2022
1077,32,JAWA BARAT,3271,KOTA BOGOR,PENELANTARAN,0,ORANG,2022
1078,32,JAWA BARAT,3271,KOTA BOGOR,LAINNYA,16,ORANG,2022
1079,32,JAWA BARAT,3272,KOTA SUKABUMI,FISIK,8,ORANG,2022
1080,32,JAWA BARAT,3272,KOTA SUKABUMI,PSIKIS,9,ORANG,2022
1081,32,JAWA BARAT,3272,KOTA SUKABUMI,SEKSUAL,9,ORANG,2022
1082,32,JAWA BARAT,3272,KOTA SUKABUMI,EKSPLOITASI,0,ORANG,2022
1083,32,JAWA BARAT,3272,KOTA SUKABUMI,TRAFFICKING,0,ORANG,2022
1084,32,JAWA BARAT,3272,KOTA SUKABUMI,PENELANTARAN,2,ORANG,2022
1085,32,JAWA BARAT,3272,KOTA SUKABUMI,LAINNYA,8,ORANG,2022
1086,32,JAWA BARAT,3273,KOTA BANDUNG,FISIK,60,ORANG,2022
1087,32,JAWA BARAT,3273,KOTA BANDUNG,PSIKIS,92,ORANG,2022
1088,32,JAWA BARAT,3273,KOTA BANDUNG,SEKSUAL,43,ORANG,2022
1089,32,JAWA BARAT,3273,KOTA BANDUNG,EKSPLOITASI,3,ORANG,2022
1090,32,JAWA BARAT,3273,KOTA BANDUNG,TRAFFICKING,1,ORANG,2022
1091,32,JAWA BARAT,3273,KOTA BANDUNG,PENELANTARAN,28,ORANG,2022
1092,32,JAWA BARAT,3273,KOTA BANDUNG,LAINNYA,18,ORANG,2022
1093,32,JAWA BARAT,3274,KOTA CIREBON,FISIK,1,ORANG,2022
1094,32,JAWA BARAT,3274,KOTA CIREBON,PSIKIS,2,ORANG,2022
1095,32,JAWA BARAT,3274,KOTA CIREBON,SEKSUAL,5,ORANG,2022
1096,32,JAWA BARAT,3274,KOTA CIREBON,EKSPLOITASI,0,ORANG,2022
1097,32,JAWA BARAT,3274,KOTA CIREBON,TRAFFICKING,0,ORANG,2022
1098,32,JAWA BARAT,3274,KOTA CIREBON,PENELANTARAN,0,ORANG,2022
1099,32,JAWA BARAT,3274,KOTA CIREBON,LAINNYA,0,ORANG,2022
1100,32,JAWA BARAT,3275,KOTA BEKASI,FISIK,0,ORANG,2022
1101,32,JAWA BARAT,3275,KOTA BEKASI,PSIKIS,0,ORANG,2022
1102,32,JAWA BARAT,3275,KOTA BEKASI,SEKSUAL,0,ORANG,2022
1103,32,JAWA BARAT,3275,KOTA BEKASI,EKSPLOITASI,0,ORANG,2022
1104,32,JAWA BARAT,3275,KOTA BEKASI,TRAFFICKING,0,ORANG,2022
1105,32,JAWA BARAT,3275,KOTA BEKASI,PENELANTARAN,0,ORANG,2022
1106,32,JAWA BARAT,3275,KOTA BEKASI,LAINNYA,0,ORANG,2022
1107,32,JAWA BARAT,3276,KOTA DEPOK,FISIK,20,ORANG,2022
1108,32,JAWA BARAT,3276,KOTA DEPOK,PSIKIS,17,ORANG,2022
1109,32,JAWA BARAT,3276,KOTA DEPOK,SEKSUAL,26,ORANG,2022
1110,32,JAWA BARAT,3276,KOTA DEPOK,EKSPLOITASI,3,ORANG,2022
1111,32,JAWA BARAT,3276,KOTA DEPOK,TRAFFICKING,0,ORANG,2022
1112,32,JAWA BARAT,3276,KOTA DEPOK,PENELANTARAN,11,ORANG,2022
1113,32,JAWA BARAT,3276,KOTA DEPOK,LAINNYA,5,ORANG,2022
1114,32,JAWA BARAT,3277,KOTA CIMAHI,FISIK,10,ORANG,2022
1115,32,JAWA BARAT,3277,KOTA CIMAHI,PSIKIS,8,ORANG,2022
1116,32,JAWA BARAT,3277,KOTA CIMAHI,SEKSUAL,4,ORANG,2022
1117,32,JAWA BARAT,3277,KOTA CIMAHI,EKSPLOITASI,1,ORANG,2022
1118,32,JAWA BARAT,3277,KOTA CIMAHI,TRAFFICKING,0,ORANG,2022
1119,32,JAWA BARAT,3277,KOTA CIMAHI,PENELANTARAN,3,ORANG,2022
1120,32,JAWA BARAT,3277,KOTA CIMAHI,LAINNYA,4,ORANG,2022
1121,32,JAWA BARAT,3278,KOTA TASIKMALAYA,FISIK,1,ORANG,2022
1122,32,JAWA BARAT,3278,KOTA TASIKMALAYA,PSIKIS,4,ORANG,2022
1123,32,JAWA BARAT,3278,KOTA TASIKMALAYA,SEKSUAL,2,ORANG,2022
1124,32,JAWA BARAT,3278,KOTA TASIKMALAYA,EKSPLOITASI,0,ORANG,2022
1125,32,JAWA BARAT,3278,KOTA TASIKMALAYA,TRAFFICKING,0,ORANG,2022
1126,32,JAWA BARAT,3278,KOTA TASIKMALAYA,PENELANTARAN,0,ORANG,2022
1127,32,JAWA BARAT,3278,KOTA TASIKMALAYA,LAINNYA,2,ORANG,2022
1128,32,JAWA BARAT,3279,KOTA BANJAR,FISIK,1,ORANG,2022
1129,32,JAWA BARAT,3279,KOTA BANJAR,PSIKIS,1,ORANG,2022
1130,32,JAWA BARAT,3279,KOTA BANJAR,SEKSUAL,2,ORANG,2022
1131,32,JAWA BARAT,3279,KOTA BANJAR,EKSPLOITASI,0,ORANG,2022
1132,32,JAWA BARAT,3279,KOTA BANJAR,TRAFFICKING,0,ORANG,2022
1133,32,JAWA BARAT,3279,KOTA BANJAR,PENELANTARAN,0,ORANG,2022
1134,32,JAWA BARAT,3279,KOTA BANJAR,LAINNYA,3,ORANG,2022
1135,32,JAWA BARAT,3201,KABUPATEN BOGOR,FISIK,18,ORANG,2023
1136,32,JAWA BARAT,3201,KABUPATEN BOGOR,PSIKIS,21,ORANG,2023
1137,32,JAWA BARAT,3201,KABUPATEN BOGOR,SEKSUAL,32,ORANG,2023
1138,32,JAWA BARAT,3201,KABUPATEN BOGOR,EKSPLOITASI,0,ORANG,2023
1139,32,JAWA BARAT,3201,KABUPATEN BOGOR,TRAFFICKING,2,ORANG,2023
1140,32,JAWA BARAT,3201,KABUPATEN BOGOR,PENELANTARAN,2,ORANG,2023
1141,32,JAWA BARAT,3201,KABUPATEN BOGOR,LAINNYA,7,ORANG,2023
1142,32,JAWA BARAT,3202,KABUPATEN SUKABUMI,FISIK,34,ORANG,2023
1143,32,JAWA BARAT,3202,KABUPATEN SUKABUMI,PSIKIS,14,ORANG,2023
1144,32,JAWA BARAT,3202,KABUPATEN SUKABUMI,SEKSUAL,103,ORANG,2023
1145,32,JAWA BARAT,3202,KABUPATEN SUKABUMI,EKSPLOITASI,1,ORANG,2023
1146,32,JAWA BARAT,3202,KABUPATEN SUKABUMI,TRAFFICKING,2,ORANG,2023
1147,32,JAWA BARAT,3202,KABUPATEN SUKABUMI,PENELANTARAN,2,ORANG,2023
1148,32,JAWA BARAT,3202,KABUPATEN SUKABUMI,LAINNYA,7,ORANG,2023
1149,32,JAWA BARAT,3203,KABUPATEN CIANJUR,FISIK,26,ORANG,2023
1150,32,JAWA BARAT,3203,KABUPATEN CIANJUR,PSIKIS,90,ORANG,2023
1151,32,JAWA BARAT,3203,KABUPATEN CIANJUR,SEKSUAL,53,ORANG,2023
1152,32,JAWA BARAT,3203,KABUPATEN CIANJUR,EKSPLOITASI,3,ORANG,2023
1153,32,JAWA BARAT,3203,KABUPATEN CIANJUR,TRAFFICKING,6,ORANG,2023
1154,32,JAWA BARAT,3203,KABUPATEN CIANJUR,PENELANTARAN,3,ORANG,2023
1155,32,JAWA BARAT,3203,KABUPATEN CIANJUR,LAINNYA,8,ORANG,2023
1156,32,JAWA BARAT,3204,KABUPATEN BANDUNG,FISIK,18,ORANG,2023
1157,32,JAWA BARAT,3204,KABUPATEN BANDUNG,PSIKIS,26,ORANG,2023
1158,32,JAWA BARAT,3204,KABUPATEN BANDUNG,SEKSUAL,60,ORANG,2023
1159,32,JAWA BARAT,3204,KABUPATEN BANDUNG,EKSPLOITASI,0,ORANG,2023
1160,32,JAWA BARAT,3204,KABUPATEN BANDUNG,TRAFFICKING,1,ORANG,2023
1161,32,JAWA BARAT,3204,KABUPATEN BANDUNG,PENELANTARAN,4,ORANG,2023
1162,32,JAWA BARAT,3204,KABUPATEN BANDUNG,LAINNYA,5,ORANG,2023
1163,32,JAWA BARAT,3205,KABUPATEN GARUT,FISIK,13,ORANG,2023
1164,32,JAWA BARAT,3205,KABUPATEN GARUT,PSIKIS,13,ORANG,2023
1165,32,JAWA BARAT,3205,KABUPATEN GARUT,SEKSUAL,68,ORANG,2023
1166,32,JAWA BARAT,3205,KABUPATEN GARUT,EKSPLOITASI,0,ORANG,2023
1167,32,JAWA BARAT,3205,KABUPATEN GARUT,TRAFFICKING,1,ORANG,2023
1168,32,JAWA BARAT,3205,KABUPATEN GARUT,PENELANTARAN,1,ORANG,2023
1169,32,JAWA BARAT,3205,KABUPATEN GARUT,LAINNYA,20,ORANG,2023
1170,32,JAWA BARAT,3206,KABUPATEN TASIKMALAYA,FISIK,24,ORANG,2023
1171,32,JAWA BARAT,3206,KABUPATEN TASIKMALAYA,PSIKIS,12,ORANG,2023
1172,32,JAWA BARAT,3206,KABUPATEN TASIKMALAYA,SEKSUAL,75,ORANG,2023
1173,32,JAWA BARAT,3206,KABUPATEN TASIKMALAYA,EKSPLOITASI,0,ORANG,2023
1174,32,JAWA BARAT,3206,KABUPATEN TASIKMALAYA,TRAFFICKING,1,ORANG,2023
1175,32,JAWA BARAT,3206,KABUPATEN TASIKMALAYA,PENELANTARAN,8,ORANG,2023
1176,32,JAWA BARAT,3206,KABUPATEN TASIKMALAYA,LAINNYA,18,ORANG,2023
1177,32,JAWA BARAT,3207,KABUPATEN CIAMIS,FISIK,0,ORANG,2023
1178,32,JAWA BARAT,3207,KABUPATEN CIAMIS,PSIKIS,3,ORANG,2023
1179,32,JAWA BARAT,3207,KABUPATEN CIAMIS,SEKSUAL,25,ORANG,2023
1180,32,JAWA BARAT,3207,KABUPATEN CIAMIS,EKSPLOITASI,1,ORANG,2023
1181,32,JAWA BARAT,3207,KABUPATEN CIAMIS,TRAFFICKING,1,ORANG,2023
1182,32,JAWA BARAT,3207,KABUPATEN CIAMIS,PENELANTARAN,0,ORANG,2023
1183,32,JAWA BARAT,3207,KABUPATEN CIAMIS,LAINNYA,0,ORANG,2023
1184,32,JAWA BARAT,3208,KABUPATEN KUNINGAN,FISIK,17,ORANG,2023
1185,32,JAWA BARAT,3208,KABUPATEN KUNINGAN,PSIKIS,18,ORANG,2023
1186,32,JAWA BARAT,3208,KABUPATEN KUNINGAN,SEKSUAL,39,ORANG,2023
1187,32,JAWA BARAT,3208,KABUPATEN KUNINGAN,EKSPLOITASI,0,ORANG,2023
1188,32,JAWA BARAT,3208,KABUPATEN KUNINGAN,TRAFFICKING,0,ORANG,2023
1189,32,JAWA BARAT,3208,KABUPATEN KUNINGAN,PENELANTARAN,4,ORANG,2023
1190,32,JAWA BARAT,3208,KABUPATEN KUNINGAN,LAINNYA,4,ORANG,2023
1191,32,JAWA BARAT,3209,KABUPATEN CIREBON,FISIK,22,ORANG,2023
1192,32,JAWA BARAT,3209,KABUPATEN CIREBON,PSIKIS,33,ORANG,2023
1193,32,JAWA BARAT,3209,KABUPATEN CIREBON,SEKSUAL,54,ORANG,2023
1194,32,JAWA BARAT,3209,KABUPATEN CIREBON,EKSPLOITASI,4,ORANG,2023
1195,32,JAWA BARAT,3209,KABUPATEN CIREBON,TRAFFICKING,1,ORANG,2023
1196,32,JAWA BARAT,3209,KABUPATEN CIREBON,PENELANTARAN,10,ORANG,2023
1197,32,JAWA BARAT,3209,KABUPATEN CIREBON,LAINNYA,3,ORANG,2023
1198,32,JAWA BARAT,3210,KABUPATEN MAJALENGKA,FISIK,6,ORANG,2023
1199,32,JAWA BARAT,3210,KABUPATEN MAJALENGKA,PSIKIS,1,ORANG,2023
1200,32,JAWA BARAT,3210,KABUPATEN MAJALENGKA,SEKSUAL,9,ORANG,2023
1201,32,JAWA BARAT,3210,KABUPATEN MAJALENGKA,EKSPLOITASI,0,ORANG,2023
1202,32,JAWA BARAT,3210,KABUPATEN MAJALENGKA,TRAFFICKING,0,ORANG,2023
1203,32,JAWA BARAT,3210,KABUPATEN MAJALENGKA,PENELANTARAN,0,ORANG,2023
1204,32,JAWA BARAT,3210,KABUPATEN MAJALENGKA,LAINNYA,1,ORANG,2023
1205,32,JAWA BARAT,3211,KABUPATEN SUMEDANG,FISIK,19,ORANG,2023
1206,32,JAWA BARAT,3211,KABUPATEN SUMEDANG,PSIKIS,0,ORANG,2023
1207,32,JAWA BARAT,3211,KABUPATEN SUMEDANG,SEKSUAL,21,ORANG,2023
1208,32,JAWA BARAT,3211,KABUPATEN SUMEDANG,EKSPLOITASI,0,ORANG,2023
1209,32,JAWA BARAT,3211,KABUPATEN SUMEDANG,TRAFFICKING,1,ORANG,2023
1210,32,JAWA BARAT,3211,KABUPATEN SUMEDANG,PENELANTARAN,0,ORANG,2023
1211,32,JAWA BARAT,3211,KABUPATEN SUMEDANG,LAINNYA,3,ORANG,2023
1212,32,JAWA BARAT,3212,KABUPATEN INDRAMAYU,FISIK,15,ORANG,2023
1213,32,JAWA BARAT,3212,KABUPATEN INDRAMAYU,PSIKIS,5,ORANG,2023
1214,32,JAWA BARAT,3212,KABUPATEN INDRAMAYU,SEKSUAL,29,ORANG,2023
1215,32,JAWA BARAT,3212,KABUPATEN INDRAMAYU,EKSPLOITASI,6,ORANG,2023
1216,32,JAWA BARAT,3212,KABUPATEN INDRAMAYU,TRAFFICKING,2,ORANG,2023
1217,32,JAWA BARAT,3212,KABUPATEN INDRAMAYU,PENELANTARAN,4,ORANG,2023
1218,32,JAWA BARAT,3212,KABUPATEN INDRAMAYU,LAINNYA,6,ORANG,2023
1219,32,JAWA BARAT,3213,KABUPATEN SUBANG,FISIK,26,ORANG,2023
1220,32,JAWA BARAT,3213,KABUPATEN SUBANG,PSIKIS,6,ORANG,2023
1221,32,JAWA BARAT,3213,KABUPATEN SUBANG,SEKSUAL,54,ORANG,2023
1222,32,JAWA BARAT,3213,KABUPATEN SUBANG,EKSPLOITASI,0,ORANG,2023
1223,32,JAWA BARAT,3213,KABUPATEN SUBANG,TRAFFICKING,4,ORANG,2023
1224,32,JAWA BARAT,3213,KABUPATEN SUBANG,PENELANTARAN,2,ORANG,2023
1225,32,JAWA BARAT,3213,KABUPATEN SUBANG,LAINNYA,0,ORANG,2023
1226,32,JAWA BARAT,3214,KABUPATEN PURWAKARTA,FISIK,5,ORANG,2023
1227,32,JAWA BARAT,3214,KABUPATEN PURWAKARTA,PSIKIS,12,ORANG,2023
1228,32,JAWA BARAT,3214,KABUPATEN PURWAKARTA,SEKSUAL,13,ORANG,2023
1229,32,JAWA BARAT,3214,KABUPATEN PURWAKARTA,EKSPLOITASI,0,ORANG,2023
1230,32,JAWA BARAT,3214,KABUPATEN PURWAKARTA,TRAFFICKING,0,ORANG,2023
1231,32,JAWA BARAT,3214,KABUPATEN PURWAKARTA,PENELANTARAN,0,ORANG,2023
1232,32,JAWA BARAT,3214,KABUPATEN PURWAKARTA,LAINNYA,0,ORANG,2023
1233,32,JAWA BARAT,3215,KABUPATEN KARAWANG,FISIK,33,ORANG,2023
1234,32,JAWA BARAT,3215,KABUPATEN KARAWANG,PSIKIS,20,ORANG,2023
1235,32,JAWA BARAT,3215,KABUPATEN KARAWANG,SEKSUAL,44,ORANG,2023
1236,32,JAWA BARAT,3215,KABUPATEN KARAWANG,EKSPLOITASI,1,ORANG,2023
1237,32,JAWA BARAT,3215,KABUPATEN KARAWANG,TRAFFICKING,0,ORANG,2023
1238,32,JAWA BARAT,3215,KABUPATEN KARAWANG,PENELANTARAN,12,ORANG,2023
1239,32,JAWA BARAT,3215,KABUPATEN KARAWANG,LAINNYA,20,ORANG,2023
1240,32,JAWA BARAT,3216,KABUPATEN BEKASI,FISIK,107,ORANG,2023
1241,32,JAWA BARAT,3216,KABUPATEN BEKASI,PSIKIS,106,ORANG,2023
1242,32,JAWA BARAT,3216,KABUPATEN BEKASI,SEKSUAL,110,ORANG,2023
1243,32,JAWA BARAT,3216,KABUPATEN BEKASI,EKSPLOITASI,13,ORANG,2023
1244,32,JAWA BARAT,3216,KABUPATEN BEKASI,TRAFFICKING,3,ORANG,2023
1245,32,JAWA BARAT,3216,KABUPATEN BEKASI,PENELANTARAN,12,ORANG,2023
1246,32,JAWA BARAT,3216,KABUPATEN BEKASI,LAINNYA,199,ORANG,2023
1247,32,JAWA BARAT,3217,KABUPATEN BANDUNG BARAT,FISIK,21,ORANG,2023
1248,32,JAWA BARAT,3217,KABUPATEN BANDUNG BARAT,PSIKIS,12,ORANG,2023
1249,32,JAWA BARAT,3217,KABUPATEN BANDUNG BARAT,SEKSUAL,29,ORANG,2023
1250,32,JAWA BARAT,3217,KABUPATEN BANDUNG BARAT,EKSPLOITASI,0,ORANG,2023
1251,32,JAWA BARAT,3217,KABUPATEN BANDUNG BARAT,TRAFFICKING,0,ORANG,2023
1252,32,JAWA BARAT,3217,KABUPATEN BANDUNG BARAT,PENELANTARAN,3,ORANG,2023
1253,32,JAWA BARAT,3217,KABUPATEN BANDUNG BARAT,LAINNYA,8,ORANG,2023
1254,32,JAWA BARAT,3218,KABUPATEN PANGANDARAN,FISIK,4,ORANG,2023
1255,32,JAWA BARAT,3218,KABUPATEN PANGANDARAN,PSIKIS,1,ORANG,2023
1256,32,JAWA BARAT,3218,KABUPATEN PANGANDARAN,SEKSUAL,12,ORANG,2023
1257,32,JAWA BARAT,3218,KABUPATEN PANGANDARAN,EKSPLOITASI,0,ORANG,2023
1258,32,JAWA BARAT,3218,KABUPATEN PANGANDARAN,TRAFFICKING,1,ORANG,2023
1259,32,JAWA BARAT,3218,KABUPATEN PANGANDARAN,PENELANTARAN,7,ORANG,2023
1260,32,JAWA BARAT,3218,KABUPATEN PANGANDARAN,LAINNYA,4,ORANG,2023
1261,32,JAWA BARAT,3271,KOTA BOGOR,FISIK,5,ORANG,2023
1262,32,JAWA BARAT,3271,KOTA BOGOR,PSIKIS,33,ORANG,2023
1263,32,JAWA BARAT,3271,KOTA BOGOR,SEKSUAL,38,ORANG,2023
1264,32,JAWA BARAT,3271,KOTA BOGOR,EKSPLOITASI,0,ORANG,2023
1265,32,JAWA BARAT,3271,KOTA BOGOR,TRAFFICKING,0,ORANG,2023
1266,32,JAWA BARAT,3271,KOTA BOGOR,PENELANTARAN,0,ORANG,2023
1267,32,JAWA BARAT,3271,KOTA BOGOR,LAINNYA,23,ORANG,2023
1268,32,JAWA BARAT,3272,KOTA SUKABUMI,FISIK,11,ORANG,2023
1269,32,JAWA BARAT,3272,KOTA SUKABUMI,PSIKIS,17,ORANG,2023
1270,32,JAWA BARAT,3272,KOTA SUKABUMI,SEKSUAL,20,ORANG,2023
1271,32,JAWA BARAT,3272,KOTA SUKABUMI,EKSPLOITASI,1,ORANG,2023
1272,32,JAWA BARAT,3272,KOTA SUKABUMI,TRAFFICKING,1,ORANG,2023
1273,32,JAWA BARAT,3272,KOTA SUKABUMI,PENELANTARAN,3,ORANG,2023
1274,32,JAWA BARAT,3272,KOTA SUKABUMI,LAINNYA,17,ORANG,2023
1275,32,JAWA BARAT,3273,KOTA BANDUNG,FISIK,129,ORANG,2023
1276,32,JAWA BARAT,3273,KOTA BANDUNG,PSIKIS,228,ORANG,2023
1277,32,JAWA BARAT,3273,KOTA BANDUNG,SEKSUAL,136,ORANG,2023
1278,32,JAWA BARAT,3273,KOTA BANDUNG,EKSPLOITASI,8,ORANG,2023
1279,32,JAWA BARAT,3273,KOTA BANDUNG,TRAFFICKING,8,ORANG,2023
1280,32,JAWA BARAT,3273,KOTA BANDUNG,PENELANTARAN,71,ORANG,2023
1281,32,JAWA BARAT,3273,KOTA BANDUNG,LAINNYA,37,ORANG,2023
1282,32,JAWA BARAT,3274,KOTA CIREBON,FISIK,3,ORANG,2023
1283,32,JAWA BARAT,3274,KOTA CIREBON,PSIKIS,3,ORANG,2023
1284,32,JAWA BARAT,3274,KOTA CIREBON,SEKSUAL,7,ORANG,2023
1285,32,JAWA BARAT,3274,KOTA CIREBON,EKSPLOITASI,0,ORANG,2023
1286,32,JAWA BARAT,3274,KOTA CIREBON,TRAFFICKING,0,ORANG,2023
1287,32,JAWA BARAT,3274,KOTA CIREBON,PENELANTARAN,0,ORANG,2023
1288,32,JAWA BARAT,3274,KOTA CIREBON,LAINNYA,0,ORANG,2023
1289,32,JAWA BARAT,3275,KOTA BEKASI,FISIK,0,ORANG,2023
1290,32,JAWA BARAT,3275,KOTA BEKASI,PSIKIS,0,ORANG,2023
1291,32,JAWA BARAT,3275,KOTA BEKASI,SEKSUAL,0,ORANG,2023
1292,32,JAWA BARAT,3275,KOTA BEKASI,EKSPLOITASI,0,ORANG,2023
1293,32,JAWA BARAT,3275,KOTA BEKASI,TRAFFICKING,0,ORANG,2023
1294,32,JAWA BARAT,3275,KOTA BEKASI,PENELANTARAN,0,ORANG,2023
1295,32,JAWA BARAT,3275,KOTA BEKASI,LAINNYA,0,ORANG,2023
1296,32,JAWA BARAT,3276,KOTA DEPOK,FISIK,39,ORANG,2023
1297,32,JAWA BARAT,3276,KOTA DEPOK,PSIKIS,39,ORANG,2023
1298,32,JAWA BARAT,3276,KOTA DEPOK,SEKSUAL,51,ORANG,2023
1299,32,JAWA BARAT,3276,KOTA DEPOK,EKSPLOITASI,4,ORANG,2023
1300,32,JAWA BARAT,3276,KOTA DEPOK,TRAFFICKING,0,ORANG,2023
1301,32,JAWA BARAT,3276,KOTA DEPOK,PENELANTARAN,13,ORANG,2023
1302,32,JAWA BARAT,3276,KOTA DEPOK,LAINNYA,19,ORANG,2023
1303,32,JAWA BARAT,3277,KOTA CIMAHI,FISIK,22,ORANG,2023
1304,32,JAWA BARAT,3277,KOTA CIMAHI,PSIKIS,17,ORANG,2023
1305,32,JAWA BARAT,3277,KOTA CIMAHI,SEKSUAL,16,ORANG,2023
1306,32,JAWA BARAT,3277,KOTA CIMAHI,EKSPLOITASI,1,ORANG,2023
1307,32,JAWA BARAT,3277,KOTA CIMAHI,TRAFFICKING,0,ORANG,2023
1308,32,JAWA BARAT,3277,KOTA CIMAHI,PENELANTARAN,9,ORANG,2023
1309,32,JAWA BARAT,3277,KOTA CIMAHI,LAINNYA,4,ORANG,2023
1310,32,JAWA BARAT,3278,KOTA TASIKMALAYA,FISIK,1,ORANG,2023
1311,32,JAWA BARAT,3278,KOTA TASIKMALAYA,PSIKIS,4,ORANG,2023
1312,32,JAWA BARAT,3278,KOTA TASIKMALAYA,SEKSUAL,2,ORANG,2023
1313,32,JAWA BARAT,3278,KOTA TASIKMALAYA,EKSPLOITASI,0,ORANG,2023
1314,32,JAWA BARAT,3278,KOTA TASIKMALAYA,TRAFFICKING,0,ORANG,2023
1315,32,JAWA BARAT,3278,KOTA TASIKMALAYA,PENELANTARAN,0,ORANG,2023
1316,32,JAWA BARAT,3278,KOTA TASIKMALAYA,LAINNYA,2,ORANG,2023
1317,32,JAWA BARAT,3279,KOTA BANJAR,FISIK,1,ORANG,2023
1318,32,JAWA BARAT,3279,KOTA BANJAR,PSIKIS,1,ORANG,2023
1319,32,JAWA BARAT,3279,KOTA BANJAR,SEKSUAL,2,ORANG,2023
1320,32,JAWA BARAT,3279,KOTA BANJAR,EKSPLOITASI,0,ORANG,2023
1321,32,JAWA BARAT,3279,KOTA BANJAR,TRAFFICKING,0,ORANG,2023
1322,32,JAWA BARAT,3279,KOTA BANJAR,PENELANTARAN,0,ORANG,2023
1323,32,JAWA BARAT,3279,KOTA BANJAR,LAINNYA,3,ORANG,2023
1324,32,JAWA BARAT,3201,KABUPATEN BOGOR,FISIK,1,ORANG,2024
1325,32,JAWA BARAT,3201,KABUPATEN BOGOR,PSIKIS,1,ORANG,2024
1326,32,JAWA BARAT,3201,KABUPATEN BOGOR,SEKSUAL,0,ORANG,2024
1327,32,JAWA BARAT,3201,KABUPATEN BOGOR,EKSPLOITASI,0,ORANG,2024
1328,32,JAWA BARAT,3201,KABUPATEN BOGOR,TRAFFICKING,0,ORANG,2024
1329,32,JAWA BARAT,3201,KABUPATEN BOGOR,PENELANTARAN,0,ORANG,2024
1330,32,JAWA BARAT,3201,KABUPATEN BOGOR,LAINNYA,0,ORANG,2024
1331,32,JAWA BARAT,3202,KABUPATEN SUKABUMI,FISIK,0,ORANG,2024
1332,32,JAWA BARAT,3202,KABUPATEN SUKABUMI,PSIKIS,0,ORANG,2024
1333,32,JAWA BARAT,3202,KABUPATEN SUKABUMI,SEKSUAL,0,ORANG,2024
1334,32,JAWA BARAT,3202,KABUPATEN SUKABUMI,EKSPLOITASI,0,ORANG,2024
1335,32,JAWA BARAT,3202,KABUPATEN SUKABUMI,TRAFFICKING,0,ORANG,2024
1336,32,JAWA BARAT,3202,KABUPATEN SUKABUMI,PENELANTARAN,0,ORANG,2024
1337,32,JAWA BARAT,3202,KABUPATEN SUKABUMI,LAINNYA,0,ORANG,2024
1338,32,JAWA BARAT,3203,KABUPATEN CIANJUR,FISIK,4,ORANG,2024
1339,32,JAWA BARAT,3203,KABUPATEN CIANJUR,PSIKIS,1,ORANG,2024
1340,32,JAWA BARAT,3203,KABUPATEN CIANJUR,SEKSUAL,12,ORANG,2024
1341,32,JAWA BARAT,3203,KABUPATEN CIANJUR,EKSPLOITASI,0,ORANG,2024
1342,32,JAWA BARAT,3203,KABUPATEN CIANJUR,TRAFFICKING,1,ORANG,2024
1343,32,JAWA BARAT,3203,KABUPATEN CIANJUR,PENELANTARAN,0,ORANG,2024
1344,32,JAWA BARAT,3203,KABUPATEN CIANJUR,LAINNYA,1,ORANG,2024
1345,32,JAWA BARAT,3204,KABUPATEN BANDUNG,FISIK,0,ORANG,2024
1346,32,JAWA BARAT,3204,KABUPATEN BANDUNG,PSIKIS,1,ORANG,2024
1347,32,JAWA BARAT,3204,KABUPATEN BANDUNG,SEKSUAL,7,ORANG,2024
1348,32,JAWA BARAT,3204,KABUPATEN BANDUNG,EKSPLOITASI,0,ORANG,2024
1349,32,JAWA BARAT,3204,KABUPATEN BANDUNG,TRAFFICKING,0,ORANG,2024
1350,32,JAWA BARAT,3204,KABUPATEN BANDUNG,PENELANTARAN,0,ORANG,2024
1351,32,JAWA BARAT,3204,KABUPATEN BANDUNG,LAINNYA,1,ORANG,2024
1352,32,JAWA BARAT,3205,KABUPATEN GARUT,FISIK,2,ORANG,2024
1353,32,JAWA BARAT,3205,KABUPATEN GARUT,PSIKIS,0,ORANG,2024
1354,32,JAWA BARAT,3205,KABUPATEN GARUT,SEKSUAL,7,ORANG,2024
1355,32,JAWA BARAT,3205,KABUPATEN GARUT,EKSPLOITASI,0,ORANG,2024
1356,32,JAWA BARAT,3205,KABUPATEN GARUT,TRAFFICKING,0,ORANG,2024
1357,32,JAWA BARAT,3205,KABUPATEN GARUT,PENELANTARAN,1,ORANG,2024
1358,32,JAWA BARAT,3205,KABUPATEN GARUT,LAINNYA,1,ORANG,2024
1359,32,JAWA BARAT,3206,KABUPATEN TASIKMALAYA,FISIK,1,ORANG,2024
1360,32,JAWA BARAT,3206,KABUPATEN TASIKMALAYA,PSIKIS,1,ORANG,2024
1361,32,JAWA BARAT,3206,KABUPATEN TASIKMALAYA,SEKSUAL,9,ORANG,2024
1362,32,JAWA BARAT,3206,KABUPATEN TASIKMALAYA,EKSPLOITASI,0,ORANG,2024
1363,32,JAWA BARAT,3206,KABUPATEN TASIKMALAYA,TRAFFICKING,2,ORANG,2024
1364,32,JAWA BARAT,3206,KABUPATEN TASIKMALAYA,PENELANTARAN,0,ORANG,2024
1365,32,JAWA BARAT,3206,KABUPATEN TASIKMALAYA,LAINNYA,1,ORANG,2024
1366,32,JAWA BARAT,3207,KABUPATEN CIAMIS,FISIK,1,ORANG,2024
1367,32,JAWA BARAT,3207,KABUPATEN CIAMIS,PSIKIS,1,ORANG,2024
1368,32,JAWA BARAT,3207,KABUPATEN CIAMIS,SEKSUAL,2,ORANG,2024
1369,32,JAWA BARAT,3207,KABUPATEN CIAMIS,EKSPLOITASI,0,ORANG,2024
1370,32,JAWA BARAT,3207,KABUPATEN CIAMIS,TRAFFICKING,0,ORANG,2024
1371,32,JAWA BARAT,3207,KABUPATEN CIAMIS,PENELANTARAN,0,ORANG,2024
1372,32,JAWA BARAT,3207,KABUPATEN CIAMIS,LAINNYA,0,ORANG,2024
1373,32,JAWA BARAT,3208,KABUPATEN KUNINGAN,FISIK,0,ORANG,2024
1374,32,JAWA BARAT,3208,KABUPATEN KUNINGAN,PSIKIS,0,ORANG,2024
1375,32,JAWA BARAT,3208,KABUPATEN KUNINGAN,SEKSUAL,0,ORANG,2024
1376,32,JAWA BARAT,3208,KABUPATEN KUNINGAN,EKSPLOITASI,0,ORANG,2024
1377,32,JAWA BARAT,3208,KABUPATEN KUNINGAN,TRAFFICKING,0,ORANG,2024
1378,32,JAWA BARAT,3208,KABUPATEN KUNINGAN,PENELANTARAN,0,ORANG,2024
1379,32,JAWA BARAT,3208,KABUPATEN KUNINGAN,LAINNYA,0,ORANG,2024
1380,32,JAWA BARAT,3209,KABUPATEN CIREBON,FISIK,1,ORANG,2024
1381,32,JAWA BARAT,3209,KABUPATEN CIREBON,PSIKIS,4,ORANG,2024
1382,32,JAWA BARAT,3209,KABUPATEN CIREBON,SEKSUAL,6,ORANG,2024
1383,32,JAWA BARAT,3209,KABUPATEN CIREBON,EKSPLOITASI,0,ORANG,2024
1384,32,JAWA BARAT,3209,KABUPATEN CIREBON,TRAFFICKING,0,ORANG,2024
1385,32,JAWA BARAT,3209,KABUPATEN CIREBON,PENELANTARAN,0,ORANG,2024
1386,32,JAWA BARAT,3209,KABUPATEN CIREBON,LAINNYA,0,ORANG,2024
1387,32,JAWA BARAT,3210,KABUPATEN MAJALENGKA,FISIK,0,ORANG,2024
1388,32,JAWA BARAT,3210,KABUPATEN MAJALENGKA,PSIKIS,0,ORANG,2024
1389,32,JAWA BARAT,3210,KABUPATEN MAJALENGKA,SEKSUAL,0,ORANG,2024
1390,32,JAWA BARAT,3210,KABUPATEN MAJALENGKA,EKSPLOITASI,0,ORANG,2024
1391,32,JAWA BARAT,3210,KABUPATEN MAJALENGKA,TRAFFICKING,0,ORANG,2024
1392,32,JAWA BARAT,3210,KABUPATEN MAJALENGKA,PENELANTARAN,0,ORANG,2024
1393,32,JAWA BARAT,3210,KABUPATEN MAJALENGKA,LAINNYA,0,ORANG,2024
1394,32,JAWA BARAT,3211,KABUPATEN SUMEDANG,FISIK,0,ORANG,2024
1395,32,JAWA BARAT,3211,KABUPATEN SUMEDANG,PSIKIS,0,ORANG,2024
1396,32,JAWA BARAT,3211,KABUPATEN SUMEDANG,SEKSUAL,0,ORANG,2024
1397,32,JAWA BARAT,3211,KABUPATEN SUMEDANG,EKSPLOITASI,0,ORANG,2024
1398,32,JAWA BARAT,3211,KABUPATEN SUMEDANG,TRAFFICKING,0,ORANG,2024
1399,32,JAWA BARAT,3211,KABUPATEN SUMEDANG,PENELANTARAN,0,ORANG,2024
1400,32,JAWA BARAT,3211,KABUPATEN SUMEDANG,LAINNYA,0,ORANG,2024
1401,32,JAWA BARAT,3212,KABUPATEN INDRAMAYU,FISIK,1,ORANG,2024
1402,32,JAWA BARAT,3212,KABUPATEN INDRAMAYU,PSIKIS,0,ORANG,2024
1403,32,JAWA BARAT,3212,KABUPATEN INDRAMAYU,SEKSUAL,5,ORANG,2024
1404,32,JAWA BARAT,3212,KABUPATEN INDRAMAYU,EKSPLOITASI,0,ORANG,2024
1405,32,JAWA BARAT,3212,KABUPATEN INDRAMAYU,TRAFFICKING,2,ORANG,2024
1406,32,JAWA BARAT,3212,KABUPATEN INDRAMAYU,PENELANTARAN,0,ORANG,2024
1407,32,JAWA BARAT,3212,KABUPATEN INDRAMAYU,LAINNYA,0,ORANG,2024
1408,32,JAWA BARAT,3213,KABUPATEN SUBANG,FISIK,2,ORANG,2024
1409,32,JAWA BARAT,3213,KABUPATEN SUBANG,PSIKIS,2,ORANG,2024
1410,32,JAWA BARAT,3213,KABUPATEN SUBANG,SEKSUAL,6,ORANG,2024
1411,32,JAWA BARAT,3213,KABUPATEN SUBANG,EKSPLOITASI,0,ORANG,2024
1412,32,JAWA BARAT,3213,KABUPATEN SUBANG,TRAFFICKING,1,ORANG,2024
1413,32,JAWA BARAT,3213,KABUPATEN SUBANG,PENELANTARAN,0,ORANG,2024
1414,32,JAWA BARAT,3213,KABUPATEN SUBANG,LAINNYA,0,ORANG,2024
1415,32,JAWA BARAT,3214,KABUPATEN PURWAKARTA,FISIK,0,ORANG,2024
1416,32,JAWA BARAT,3214,KABUPATEN PURWAKARTA,PSIKIS,0,ORANG,2024
1417,32,JAWA BARAT,3214,KABUPATEN PURWAKARTA,SEKSUAL,0,ORANG,2024
1418,32,JAWA BARAT,3214,KABUPATEN PURWAKARTA,EKSPLOITASI,0,ORANG,2024
1419,32,JAWA BARAT,3214,KABUPATEN PURWAKARTA,TRAFFICKING,0,ORANG,2024
1420,32,JAWA BARAT,3214,KABUPATEN PURWAKARTA,PENELANTARAN,0,ORANG,2024
1421,32,JAWA BARAT,3214,KABUPATEN PURWAKARTA,LAINNYA,0,ORANG,2024
1422,32,JAWA BARAT,3215,KABUPATEN KARAWANG,FISIK,4,ORANG,2024
1423,32,JAWA BARAT,3215,KABUPATEN KARAWANG,PSIKIS,2,ORANG,2024
1424,32,JAWA BARAT,3215,KABUPATEN KARAWANG,SEKSUAL,3,ORANG,2024
1425,32,JAWA BARAT,3215,KABUPATEN KARAWANG,EKSPLOITASI,0,ORANG,2024
1426,32,JAWA BARAT,3215,KABUPATEN KARAWANG,TRAFFICKING,0,ORANG,2024
1427,32,JAWA BARAT,3215,KABUPATEN KARAWANG,PENELANTARAN,0,ORANG,2024
1428,32,JAWA BARAT,3215,KABUPATEN KARAWANG,LAINNYA,3,ORANG,2024
1429,32,JAWA BARAT,3216,KABUPATEN BEKASI,FISIK,6,ORANG,2024
1430,32,JAWA BARAT,3216,KABUPATEN BEKASI,PSIKIS,2,ORANG,2024
1431,32,JAWA BARAT,3216,KABUPATEN BEKASI,SEKSUAL,19,ORANG,2024
1432,32,JAWA BARAT,3216,KABUPATEN BEKASI,EKSPLOITASI,0,ORANG,2024
1433,32,JAWA BARAT,3216,KABUPATEN BEKASI,TRAFFICKING,1,ORANG,2024
1434,32,JAWA BARAT,3216,KABUPATEN BEKASI,PENELANTARAN,0,ORANG,2024
1435,32,JAWA BARAT,3216,KABUPATEN BEKASI,LAINNYA,30,ORANG,2024
1436,32,JAWA BARAT,3217,KABUPATEN BANDUNG BARAT,FISIK,0,ORANG,2024
1437,32,JAWA BARAT,3217,KABUPATEN BANDUNG BARAT,PSIKIS,2,ORANG,2024
1438,32,JAWA BARAT,3217,KABUPATEN BANDUNG BARAT,SEKSUAL,1,ORANG,2024
1439,32,JAWA BARAT,3217,KABUPATEN BANDUNG BARAT,EKSPLOITASI,0,ORANG,2024
1440,32,JAWA BARAT,3217,KABUPATEN BANDUNG BARAT,TRAFFICKING,0,ORANG,2024
1441,32,JAWA BARAT,3217,KABUPATEN BANDUNG BARAT,PENELANTARAN,1,ORANG,2024
1442,32,JAWA BARAT,3217,KABUPATEN BANDUNG BARAT,LAINNYA,0,ORANG,2024
1443,32,JAWA BARAT,3218,KABUPATEN PANGANDARAN,FISIK,0,ORANG,2024
1444,32,JAWA BARAT,3218,KABUPATEN PANGANDARAN,PSIKIS,0,ORANG,2024
1445,32,JAWA BARAT,3218,KABUPATEN PANGANDARAN,SEKSUAL,0,ORANG,2024
1446,32,JAWA BARAT,3218,KABUPATEN PANGANDARAN,EKSPLOITASI,0,ORANG,2024
1447,32,JAWA BARAT,3218,KABUPATEN PANGANDARAN,TRAFFICKING,0,ORANG,2024
1448,32,JAWA BARAT,3218,KABUPATEN PANGANDARAN,PENELANTARAN,0,ORANG,2024
1449,32,JAWA BARAT,3218,KABUPATEN PANGANDARAN,LAINNYA,0,ORANG,2024
1450,32,JAWA BARAT,3271,KOTA BOGOR,FISIK,7,ORANG,2024
1451,32,JAWA BARAT,3271,KOTA BOGOR,PSIKIS,7,ORANG,2024
1452,32,JAWA BARAT,3271,KOTA BOGOR,SEKSUAL,4,ORANG,2024
1453,32,JAWA BARAT,3271,KOTA BOGOR,EKSPLOITASI,0,ORANG,2024
1454,32,JAWA BARAT,3271,KOTA BOGOR,TRAFFICKING,0,ORANG,2024
1455,32,JAWA BARAT,3271,KOTA BOGOR,PENELANTARAN,4,ORANG,2024
1456,32,JAWA BARAT,3271,KOTA BOGOR,LAINNYA,0,ORANG,2024
1457,32,JAWA BARAT,3272,KOTA SUKABUMI,FISIK,9,ORANG,2024
1458,32,JAWA BARAT,3272,KOTA SUKABUMI,PSIKIS,9,ORANG,2024
1459,32,JAWA BARAT,3272,KOTA SUKABUMI,SEKSUAL,5,ORANG,2024
1460,32,JAWA BARAT,3272,KOTA SUKABUMI,EKSPLOITASI,0,ORANG,2024
1461,32,JAWA BARAT,3272,KOTA SUKABUMI,TRAFFICKING,0,ORANG,2024
1462,32,JAWA BARAT,3272,KOTA SUKABUMI,PENELANTARAN,1,ORANG,2024
1463,32,JAWA BARAT,3272,KOTA SUKABUMI,LAINNYA,6,ORANG,2024
1464,32,JAWA BARAT,3273,KOTA BANDUNG,FISIK,17,ORANG,2024
1465,32,JAWA BARAT,3273,KOTA BANDUNG,PSIKIS,26,ORANG,2024
1466,32,JAWA BARAT,3273,KOTA BANDUNG,SEKSUAL,17,ORANG,2024
1467,32,JAWA BARAT,3273,KOTA BANDUNG,EKSPLOITASI,0,ORANG,2024
1468,32,JAWA BARAT,3273,KOTA BANDUNG,TRAFFICKING,2,ORANG,2024
1469,32,JAWA BARAT,3273,KOTA BANDUNG,PENELANTARAN,1,ORANG,2024
1470,32,JAWA BARAT,3273,KOTA BANDUNG,LAINNYA,4,ORANG,2024
1471,32,JAWA BARAT,3274,KOTA CIREBON,FISIK,0,ORANG,2024
1472,32,JAWA BARAT,3274,KOTA CIREBON,PSIKIS,0,ORANG,2024
1473,32,JAWA BARAT,3274,KOTA CIREBON,SEKSUAL,5,ORANG,2024
1474,32,JAWA BARAT,3274,KOTA CIREBON,EKSPLOITASI,0,ORANG,2024
1475,32,JAWA BARAT,3274,KOTA CIREBON,TRAFFICKING,0,ORANG,2024
1476,32,JAWA BARAT,3274,KOTA CIREBON,PENELANTARAN,0,ORANG,2024
1477,32,JAWA BARAT,3274,KOTA CIREBON,LAINNYA,0,ORANG,2024
1478,32,JAWA BARAT,3275,KOTA BEKASI,FISIK,18,ORANG,2024
1479,32,JAWA BARAT,3275,KOTA BEKASI,PSIKIS,28,ORANG,2024
1480,32,JAWA BARAT,3275,KOTA BEKASI,SEKSUAL,16,ORANG,2024
1481,32,JAWA BARAT,3275,KOTA BEKASI,EKSPLOITASI,0,ORANG,2024
1482,32,JAWA BARAT,3275,KOTA BEKASI,TRAFFICKING,0,ORANG,2024
1483,32,JAWA BARAT,3275,KOTA BEKASI,PENELANTARAN,2,ORANG,2024
1484,32,JAWA BARAT,3275,KOTA BEKASI,LAINNYA,15,ORANG,2024
1485,32,JAWA BARAT,3276,KOTA DEPOK,FISIK,0,ORANG,2024
1486,32,JAWA BARAT,3276,KOTA DEPOK,PSIKIS,0,ORANG,2024
1487,32,JAWA BARAT,3276,KOTA DEPOK,SEKSUAL,1,ORANG,2024
1488,32,JAWA BARAT,3276,KOTA DEPOK,EKSPLOITASI,0,ORANG,2024
1489,32,JAWA BARAT,3276,KOTA DEPOK,TRAFFICKING,0,ORANG,2024
1490,32,JAWA BARAT,3276,KOTA DEPOK,PENELANTARAN,0,ORANG,2024
1491,32,JAWA BARAT,3276,KOTA DEPOK,LAINNYA,0,ORANG,2024
1492,32,JAWA BARAT,3277,KOTA CIMAHI,FISIK,0,ORANG,2024
1493,32,JAWA BARAT,3277,KOTA CIMAHI,PSIKIS,0,ORANG,2024
1494,32,JAWA BARAT,3277,KOTA CIMAHI,SEKSUAL,0,ORANG,2024
1495,32,JAWA BARAT,3277,KOTA CIMAHI,EKSPLOITASI,0,ORANG,2024
1496,32,JAWA BARAT,3277,KOTA CIMAHI,TRAFFICKING,0,ORANG,2024
1497,32,JAWA BARAT,3277,KOTA CIMAHI,PENELANTARAN,0,ORANG,2024
1498,32,JAWA BARAT,3277,KOTA CIMAHI,LAINNYA,0,ORANG,2024
1499,32,JAWA BARAT,3278,KOTA TASIKMALAYA,FISIK,0,ORANG,2024
1500,32,JAWA BARAT,3278,KOTA TASIKMALAYA,PSIKIS,0,ORANG,2024
1501,32,JAWA BARAT,3278,KOTA TASIKMALAYA,SEKSUAL,0,ORANG,2024
1502,32,JAWA BARAT,3278,KOTA TASIKMALAYA,EKSPLOITASI,0,ORANG,2024
1503,32,JAWA BARAT,3278,KOTA TASIKMALAYA,TRAFFICKING,0,ORANG,2024
1504,32,JAWA BARAT,3278,KOTA TASIKMALAYA,PENELANTARAN,0,ORANG,2024
1505,32,JAWA BARAT,3278,KOTA TASIKMALAYA,LAINNYA,0,ORANG,2024
1506,32,JAWA BARAT,3279,KOTA BANJAR,FISIK,0,ORANG,2024
1507,32,JAWA BARAT,3279,KOTA BANJAR,PSIKIS,0,ORANG,2024
1508,32,JAWA BARAT,3279,KOTA BANJAR,SEKSUAL,0,ORANG,2024
1509,32,JAWA BARAT,3279,KOTA BANJAR,EKSPLOITASI,0,ORANG,2024
1510,32,JAWA BARAT,3279,KOTA BANJAR,TRAFFICKING,0,ORANG,2024
1511,32,JAWA BARAT,3279,KOTA BANJAR,PENELANTARAN,0,ORANG,2024
1512,32,JAWA BARAT,3279,KOTA BANJAR,LAINNYA,0,ORANG,2024
